manifest	9ad3020d09ec0ee6a512ceb4c8546d6e59914ae2fb1c0d8363d9dd853a747a1a	-
	.github/workflows/ci.yml	100644	28181dbe9d74b5b0c9e18587e55f8be17202873f6d2648fb5a20d18858ad9180
	.github/workflows/nightly.yml	100644	5e22d1700f09378b88445811587c4c920786eeb650170831249888c15ad2192d
	.gitignore	100644	63d586da2824384067d137413dd61f9d73b0b965e2373b800fb2b7116cc61e1a
	Cargo.lock	100644	400394755055da9c9ce3565849bf292bc90e773fa5cdaaff1316a563b0f606d4
	Cargo.toml	100644	5894b6bac21f8a48cf856133c14f3949d3007af8c8b8c44750ed3b23d5c51780
	README.md	100644	26957e8cb8307bd9ed01b935223c5d7de3186b0ad114497794d985e16594d10a
	ci/linux-dev/Dockerfile	100644	caa76f6aa5954f7c2afbed3a6f65075fb47190c7204419b1f91ab60ef08aa449
	clippy.toml	100644	8bdbe4c5a329aba3aa92387881a7904906b488ef7b6f3cad66d40164cf6d3e5a
	crates/paludarium-cpu/Cargo.toml	100644	df195375ebc8cd57aa38664efcb7fd4a19da5e6d80e73d87e0ed05dacdd7e697
	crates/paludarium-cpu/src/alu.rs	100644	5ebdd0c75824142b242ea3e41b1124e90041bff2abdecb00ecbe5f6c730e298f
	crates/paludarium-cpu/src/exec.rs	100644	e5f052c58761a8d391d1bf438a7b8147b9300f9fa8c39fe1fa66f1d53ba9f4f0
	crates/paludarium-cpu/src/lib.rs	100644	5318fa7dfc8f242413c922e11540da6aa49ff40f8f8bac75e6526abe4821d4fe
	crates/paludarium-cpu/src/state.rs	100644	a024cfeb33ca06d47ebe97cb319b8411635492f06a9b889b9480e476735f8e02
	crates/paludarium-decoder/Cargo.toml	100644	7db6e7fb7237dc8a68eb98fe757cc32526e538cd705a8039ac23cb0fb8e3a39d
	crates/paludarium-decoder/src/lib.rs	100644	50d689b8940adbb20e9dab188870609fbea2aa0dc88530b11b45f1984ba7414c
	crates/paludarium-harness/Cargo.toml	100644	a69c10e2b91b2eda5c4c0a8990b7f245fbff3eced667bfade93ebfa80577ff5a
	crates/paludarium-harness/src/coverage.rs	100644	1d6851a8ae5ad9f3f18c81feae1773dd1be17dce5a91bcf6af4ca87db135a000
	crates/paludarium-harness/src/lib.rs	100644	032693a9ee3fcedd49d1a364bba3b13feb596a6e7a84fbc1ccf4e0bb0e008d5e
	crates/paludarium-harness/tests/diff_u1.rs	100644	5c6af822b41be11e5b1c5301a4eb8d9beb54f0bea1a5e6b0fe3dbacacf6bc7a3
	crates/paludarium-host/Cargo.toml	100644	ac2bb0727121ca369ef28d9961c4c109a08d2e075861e98e3a70f3dfe251443d
	crates/paludarium-host/src/lib.rs	100644	a8adec45e037979fdffbb3bec3233a5e336a35c7ae878c4a4185b219f18ea4e2
	crates/paludarium-host/src/testing.rs	100644	04156dd14f653483de5f1cf9256613123fbe2a46cfedebf351ce89a755e54113
	crates/paludarium-jit/Cargo.toml	100644	7515331ffc89a06073b36d85a1f8129db1794bd2b3009be98dae48e9e2d5a152
	crates/paludarium-jit/src/lib.rs	100644	73e4b33dff2d23e639e0cd864b671380f0812c5448da18cadda1c2c93558b3e8
	crates/paludarium-kernel/Cargo.toml	100644	68a7fb6de8df6d1d0ae97ea20fed3ca74c59b4636cc941ce3791792938d075ed
	crates/paludarium-kernel/src/lib.rs	100644	66c9c0d253f4e6fc10bb435fdc4ccfcfa9a1d9876fa6cddbe73c2db08bd86fe3
	crates/paludarium-kernel/src/syscalls.rs	100644	a182ba1767eeb35f0dea4523e78f1f5ad877082ca1ba1cec2bf2ee6faa238962
	crates/paludarium-kernel/src/tests.rs	100644	6de5b6a9bf388ea1207b90457955b213654cdc6631ec70db639ed9adf2547641
	crates/paludarium-loader/Cargo.toml	100644	9576ce5bb66da218f27105e17269a5a44d80a2579c3a366a169db5d9cd09b1cb
	crates/paludarium-loader/src/elf.rs	100644	bf5202fee56bb3f339560e312936ae9a58deb8ad9a87d70f2ef945715deb35eb
	crates/paludarium-loader/src/lib.rs	100644	a426f3f095d6ff6bd53a6c95c77b8d37523cc0523b2e3d2495464a398c87cce8
	crates/paludarium-loader/src/testing.rs	100644	17071c3b0a155662def62770ad5d338499994e669c968ea8de32b08169a17340
	crates/paludarium-loader/src/tests.rs	100644	c39db39aaf9737b240abe4abb7d2b768aed3efbe392d1a2c98180848de852e9c
	crates/paludarium-mmu/Cargo.toml	100644	5d17784c21076933bc6aec70b8bb3e4862da679cc90c700cc7a8fba806ae00c5
	crates/paludarium-mmu/src/lib.rs	100644	858a6f3c60dd83bcb1c0e2b54bfbb78c515fb049bd2a62b2b59f5f5716f511ad
	crates/paludarium-runtime/Cargo.toml	100644	146a375abbdaa2d83f18c72730635f19a83e5c29d5b05f38138107fee0902714
	crates/paludarium-runtime/src/lib.rs	100644	c8de509908a5da8d7ee8010ee52e2565f2d1f7e4831bf28e6038b706a1f03445
	crates/paludarium-runtime/src/tests.rs	100644	a38bb979acd6505386c3eeffda706fd025934c1a7169fcf579ef034b6c412671
	crates/paludarium-types/Cargo.toml	100644	ecd2ab9b66459a5a309d9ff2f185691511d0b32dc8b187893307fe5bfeeae2de
	crates/paludarium-types/src/lib.rs	100644	8faf9c740bb7626432302afbe0a8f14df498a72752bb24727223cca7c5b0b69c
	crates/paludarium-vfs/Cargo.toml	100644	0de31c5a385a89d52d623b2700cb781b09a76be8fdd102d66a487c4fb1340954
	crates/paludarium-vfs/src/lib.rs	100644	a4dc02dd6122102f108e6bbd9e469d8c2bd769da4a840c487de1d68338d05635
	crates/paludarium/Cargo.toml	100644	50fa1586728384d14c16c274df0ad97e0572c81c94ba4091bc98756a3fa2d468
	crates/paludarium/src/cli.rs	100644	a5ee1c4c408df27f9e61dc0031196b8b9eff4c7a35200695d9f3060e42d74f58
	crates/paludarium/src/lib.rs	100644	827d4970c620246477c3d4009c6f9c435a65c3e28e5bf688e37b7dc26f8336de
	crates/paludarium/src/main.rs	100644	d89ffff6cf35af97475bf535e19b9e9e18fcb1d93aaaa4b2d343f7ad3614cc96
	crates/paludarium/tests/command.rs	100644	ef9ff1a1927c740a20fdae7b5007528c195577396058f2ac823c25a6bd372d2d
	deny.toml	100644	48881b3279292f43cbd1687636bce894185d35f5163c915a2799aff9f4d9b4e6
	docs/reports/wasm-threads.md	100644	0a06a9c381c0b8e32fd9d8761e92d95f37ee8f7e9a32037ad21cec5dc32b5cdf
	docs/u1/census/hello-c.forms	100644	abe35f3b83f96161a26517727cd7797a01a352398568dad014d1d5ae7a0017ff
	docs/u1/census/hello-c.mnemonics	100644	3d53ca0d784f139f9e8058151645f6975bb6e88ca4f433c60754ebd92f48b7f0
	docs/u1/census/hello-rs.forms	100644	41de22ccbd60bf0302ae143bb3a6951800c12687f32d399b91aed2e88df8bf26
	docs/u1/census/hello-rs.mnemonics	100644	c02c667fa55df984ee55fca5ad5edc69d12c97b8811525ec6df9d7e724b9f58c
	fuzz/Cargo.lock	100644	a14bbecd0316f76a0d7bbf219da125959211e3906e299248bc1b2e22ec74f45b
	fuzz/Cargo.toml	100644	a76400f285bb6eb0c8d567ef4d9cc4f3d6623bbd787b379b48c213539f565052
	fuzz/fuzz_targets/decode.rs	100644	f4b4ee13e7b92cad1fb6d48be40f2340338a409f85fa7d0e4d624be4ef6dea5d
	fuzz/fuzz_targets/load_elf.rs	100644	c983fe978af1156131b9bffc2f1e5e2cf655a6be3d886eafc4e7cd1a58a3f359
	fuzz/fuzz_targets/mmu_ops.rs	100644	31b22c96d5538ae22ab8bab72feb72db877087682e17f144182bc8e954a45144
	fuzz/fuzz_targets/syscall_args.rs	100644	a57b0b026c366f4b7558195ff2c99d4813167d9bc055da385c7393d9c73c4d06
	fuzz/lsan.supp	100644	0093908d3e9a8788c2936875ae16705a1b7f756f5baa52839f876077847d7e4d
	rust-toolchain.toml	100644	c0ab4a2681f5d8f2dfb9c85131cf4eb8a3177009fc3fe8372273340ae9189175
	scripts/linux-dev.sh	100644	26b6c22643c74bfc457d3cd7d3c2ba3672a4a08280451b942b78f483492d93e1
	spikes/wasm-threads/.cargo/config.toml	100644	7876cda4cff9fd261511e04f9466e724a98e5940eaa20aa57c1c2afe22cddb07
	spikes/wasm-threads/Cargo.lock	100644	13b498b812a6de2fda64b6147e0b2db14cc1cb7fcd652f40237ed5465a60a923
	spikes/wasm-threads/Cargo.toml	100644	3e9c5b86cf6cfbf4ef3805141c45757db01715ab475fc6b82884240096ecad62
	spikes/wasm-threads/browser-check.mjs	100644	91d49ed097e1d9fad2cb413c5dc9e02a6540f37687390d6027d22e5c46bdab5c
	spikes/wasm-threads/build.sh	100644	6d88f7f362388f3b1068226340dd2c82a794c30f7007a78b7620b3f1fb197a3c
	spikes/wasm-threads/js/check.mjs	100644	8c6ed30ca7b217e4fcd06f630df1591e6ecf7c6a10ffebf2d94b4314e9fa254c
	spikes/wasm-threads/js/worker.mjs	100644	e6d710899921ce39899b8d8d7f7957df3bb126a796cbbcba38b36e5b1046973b
	spikes/wasm-threads/node-check.mjs	100644	294acc3221c6a9d4c9ba0836172b15d0742b1dcbfc7c0edbe5cfacb045b7570a
	spikes/wasm-threads/package-lock.json	100644	72423f96e088e107038627cf3a569171cf4a0d4e9400af1c9abfb66be0461f23
	spikes/wasm-threads/package.json	100644	93394669841d8757fd2993070ff9949771b178718091f5217bd0284dc8b779c8
	spikes/wasm-threads/serve.mjs	100644	25adf3ab9ab969d5935f2595de8cf3176d92373d31d32a6ff7abbf7d07de012a
	spikes/wasm-threads/src/lib.rs	100644	b5ee34515f702aa7c8616854a4a49d8a20a0112826518eed8ad5f677c11c907c
	spikes/wasm-threads/web/index.html	100644	06d2fcbdc1851e3c31d52d9ca97fcb050221b874b049be5ff141fd2faf1c3b2e
	spikes/wasm-threads/web/page.mjs	100644	ebfb8834bbf1c0a843c4b7c519d24a314cdd2915783681e9da04b551ec061134
	tests/guests/build.sh	100644	91e7e4af10dd8223bda4a543dc221b018607c819298584d6fd500d439c6da91f
	tests/guests/hello-c/hello.c	100644	cf962316ff20165dd455db11efe1da85baaf2c669a5e13c8c5562c7e92e44554
	tests/guests/hello-rs/Cargo.lock	100644	abf0c8a00e194ac6ceb51512c27b85143e5c961daace7e8d7ee63a005b27cd5a
	tests/guests/hello-rs/Cargo.toml	100644	c015cb2fa3a107229f9ca9c4a8a087edfdd0b7a01d3bb56b06847209ae2c7e48
	tests/guests/hello-rs/src/main.rs	100644	4645b82e7df19f8a5466112abba5bb6e96828e9f42d068f8b44ce970248056f4
	tests/guests/insn/UNDEFINED.md	100644	6e7aa22e0e27f24c3878aebda754010d78412ca2a0e52ab2aacf4c601147d4e5
	tests/guests/insn/alu.c	100644	b7fcb75a1d47ebc78e05a73a440cc3ce21180655429cf417e1b2f2e32fe513f8
	tests/guests/insn/atomic.c	100644	151e01ffed590aae6b24589f19748df1b3f3ad6a45e888bfb9c2487c9d0a2ded
	tests/guests/insn/bt.c	100644	1ce6448175462d1cb7ab3ec0cdbfc06de9df606da01fa338bca8860f6e131415
	tests/guests/insn/cmptest.c	100644	3d47ac8c2b08a1eebc57a4ae6e6a90605be6b450d21dca9276a74ec9ebdb6fc4
	tests/guests/insn/cond-cmov.c	100644	76341d5a78640df8b01f2f2b0b5e8be0a79f68165feb45d7e4035dbfae16710d
	tests/guests/insn/cond-jcc.c	100644	a60eb986c5809f1ec38cbdb84fc235d4d76ae944c0f16dd334b787c0e7e6d7df
	tests/guests/insn/cond-set.c	100644	9597d876b2ae8f07130f9428bf4690a6ea4f9cf700e7e3980709ad43ac8e223b
	tests/guests/insn/incdec.c	100644	8d77563cfab550af774b9e08477cc54971b1f63ae46d80dd85aa496d4c53e2cc
	tests/guests/insn/insn.h	100644	d2f14e141a0f0901c14a64e793be4555123be0e27ebd8e919274d011c2ff8b6c
	tests/guests/insn/mov.c	100644	48cbce3f6c8fb4a26b8a03348861db8fa9af4747084d55c7806b8fbd085e840e
	tests/guests/insn/muldiv.c	100644	bcfb1b86ace48323df9201ecc5a225aa0720e7007e12fda3bbb73cbb44e836dd
	tests/guests/insn/shift.c	100644	de48b4a8b323d6432967911e34f677d6c4d0a9ef6da8282148ba4f43ca3c3578
	tests/guests/insn/sse.c	100644	b87b9b1a00fa1d2a84ab4badfa70f3426d1c5ecd4ea52d95c4e15f1369e61bc0
	tests/guests/insn/string.c	100644	92264a6a57ad7488006fe18c2ab89a53254444c688a098d884a94706036f9278
	tools/insn-trace/insn-census.sh	100644	2423faf3ad7c47c510b4444cadc6c7bb0054e9256b50dc6d8a444726c0c3b78a
	tools/insn-trace/insn-trace.c	100644	8fd62ea2bce4648c2e47d0e02a5a1ebf5a0d15b287cf8cdb50f6d06b2e5339c3
