manifest	33595e7b79804895bc9b311c346b6427d0ed958a278c8ce3643727a3bd363f71	-
	.github/workflows/ci.yml	100644	cfcae2d565698425b6f816f204a797d4aefdeae2d3777b857f027a92bf5cffe6
	.github/workflows/native-diagnostic.yml	100644	d8114986172116907c1d6440172736f29a88c3e3fcb87a4afb6884059af39276
	.github/workflows/nightly.yml	100644	2dc922a8b39d6ff1e939fba1b1da22a629f0b57e4073bea07836328c7390f0a1
	.gitignore	100644	dedee0caa204fec8ce2f7a75568eea632b2aaeb71e4c94f74972f4b293da0526
	Cargo.lock	100644	553b2b8d7670426ed73c51f1d756b93a6a8b26bc427de87afa01a15f60264b27
	Cargo.toml	100644	5894b6bac21f8a48cf856133c14f3949d3007af8c8b8c44750ed3b23d5c51780
	README.md	100644	26957e8cb8307bd9ed01b935223c5d7de3186b0ad114497794d985e16594d10a
	ci/linux-dev/Dockerfile	100644	caa76f6aa5954f7c2afbed3a6f65075fb47190c7204419b1f91ab60ef08aa449
	clippy.toml	100644	8bdbe4c5a329aba3aa92387881a7904906b488ef7b6f3cad66d40164cf6d3e5a
	crates/paludarium-cpu/Cargo.toml	100644	df195375ebc8cd57aa38664efcb7fd4a19da5e6d80e73d87e0ed05dacdd7e697
	crates/paludarium-cpu/src/alu.rs	100644	5ebdd0c75824142b242ea3e41b1124e90041bff2abdecb00ecbe5f6c730e298f
	crates/paludarium-cpu/src/exec.rs	100644	e660a4c0cc569a679e3c6dcf3511e782415196bc59786bc29eb16fc77ef1015e
	crates/paludarium-cpu/src/lib.rs	100644	a8d125e9d8e4e2de4585d7398497a361b5491de3cc46cee25584b8fe34f0144d
	crates/paludarium-cpu/src/state.rs	100644	c51b9e636499ef7bea2c66ed768a8b660f98006f4fc1adfae9aec9a5f3580fb2
	crates/paludarium-cpu/src/u2_tests.rs	100644	dc80918a12a451e743f9bb0eabd8120fb4849019db698faa6a70494607d67827
	crates/paludarium-decoder/Cargo.toml	100644	7db6e7fb7237dc8a68eb98fe757cc32526e538cd705a8039ac23cb0fb8e3a39d
	crates/paludarium-decoder/src/lib.rs	100644	0fccdc45dc22618ec591f41ae9ab7f278084a83803fdeeffa6347ff4dff4162e
	crates/paludarium-harness/Cargo.toml	100644	5fe447eb1e2161ecdc2824ec70b86214c8dd1a020f28a3b0a744ee2d4a095d4c
	crates/paludarium-harness/src/coverage.rs	100644	458f8155842d7a034571662c4d737314b97e744c546028900b1dfcd9a7c3a7cb
	crates/paludarium-harness/src/lib.rs	100644	032693a9ee3fcedd49d1a364bba3b13feb596a6e7a84fbc1ccf4e0bb0e008d5e
	crates/paludarium-harness/tests/diff_u1.rs	100644	5c6af822b41be11e5b1c5301a4eb8d9beb54f0bea1a5e6b0fe3dbacacf6bc7a3
	crates/paludarium-harness/tests/diff_u2.rs	100644	b8e2bbbc0b755fad7b673395a9b3b11927b6c70547ee10a138bcacdeef488d78
	crates/paludarium-host/Cargo.toml	100644	2459a5663be649f1802d4293317a78d37df8488c0acdb1bddf3b23a0ad9ce561
	crates/paludarium-host/src/lib.rs	100644	dc9bd9188aaba4c1cc6947d6a0cc677b436991cce569514e0e0579bc3ed5f3f8
	crates/paludarium-host/src/native_fs.rs	100644	c88d9d93f55e800f77418e6c32333cfeeced3a0a19fbbcf49a70a3c039751342
	crates/paludarium-host/src/testing.rs	100644	bf4c1070069a972f831c595d7abfa1fda61d08d27353f8f37903e9fe5e128513
	crates/paludarium-jit/Cargo.toml	100644	7515331ffc89a06073b36d85a1f8129db1794bd2b3009be98dae48e9e2d5a152
	crates/paludarium-jit/src/lib.rs	100644	73e4b33dff2d23e639e0cd864b671380f0812c5448da18cadda1c2c93558b3e8
	crates/paludarium-kernel/Cargo.toml	100644	2043d557bb99dcf6df734e0c81695a67d693fdbfdaf68fa234a6fc32f2cd969e
	crates/paludarium-kernel/src/lib.rs	100644	e99efab173b3ded55a304a9401cec32f39c04a910d0d53c3b65c985c6b134094
	crates/paludarium-kernel/src/syscalls.rs	100644	055447464e8cce2bbbdadd487b816316792c4fa09b23b7c5a1b1ebd5e56e789d
	crates/paludarium-kernel/src/tests.rs	100644	ddbb3a8ca0dda838498644e42490ecd62db5c82d54453a591315f7ba7e2c906b
	crates/paludarium-loader/Cargo.toml	100644	9576ce5bb66da218f27105e17269a5a44d80a2579c3a366a169db5d9cd09b1cb
	crates/paludarium-loader/src/elf.rs	100644	bf5202fee56bb3f339560e312936ae9a58deb8ad9a87d70f2ef945715deb35eb
	crates/paludarium-loader/src/lib.rs	100644	a426f3f095d6ff6bd53a6c95c77b8d37523cc0523b2e3d2495464a398c87cce8
	crates/paludarium-loader/src/testing.rs	100644	17071c3b0a155662def62770ad5d338499994e669c968ea8de32b08169a17340
	crates/paludarium-loader/src/tests.rs	100644	c39db39aaf9737b240abe4abb7d2b768aed3efbe392d1a2c98180848de852e9c
	crates/paludarium-mmu/Cargo.toml	100644	5d17784c21076933bc6aec70b8bb3e4862da679cc90c700cc7a8fba806ae00c5
	crates/paludarium-mmu/src/lib.rs	100644	f1f5b8008ed5e133869d8a42e4643c738a996c1018aedd44ad69904a2f9edf00
	crates/paludarium-runtime/Cargo.toml	100644	146a375abbdaa2d83f18c72730635f19a83e5c29d5b05f38138107fee0902714
	crates/paludarium-runtime/src/lib.rs	100644	caf321cbda72b8256c52438a786a5679ad6f7ad4cf400a359fe3c0451670174e
	crates/paludarium-runtime/src/tests.rs	100644	a2dd3bfde97808662a55b5c2bf05bbf9ec3d2c2edbd2153e41b8411777f47c88
	crates/paludarium-types/Cargo.toml	100644	ecd2ab9b66459a5a309d9ff2f185691511d0b32dc8b187893307fe5bfeeae2de
	crates/paludarium-types/src/lib.rs	100644	12da72a3da46c262b56bf653e3f02e3df3f09776735eba3ea29fddaa347655f1
	crates/paludarium-vfs/Cargo.toml	100644	6340b2aff60fe0060550730d078a00be3db1e9f5d47393b3c37ab89319240260
	crates/paludarium-vfs/src/lib.rs	100644	34d4632777503d7e43668a198f02a11c38441bfc1c7f0289893babaf85aa4510
	crates/paludarium-vfs/src/mount.rs	100644	ef2404281592a4a4ab6e51d3a332c1d9a9636875fd24e8decadfd6081691c598
	crates/paludarium-vfs/src/u1_tests.rs	100644	490884b9a092a7c6eda1cf4e29830a139848c105e26c88a0e6baecca2fa37e7d
	crates/paludarium/Cargo.toml	100644	50fa1586728384d14c16c274df0ad97e0572c81c94ba4091bc98756a3fa2d468
	crates/paludarium/src/cli.rs	100644	5bf66265f14796b8087155a84f8fcce0eaa57f75aedb659ee6ff76398d3ebf4b
	crates/paludarium/src/lib.rs	100644	827d4970c620246477c3d4009c6f9c435a65c3e28e5bf688e37b7dc26f8336de
	crates/paludarium/src/main.rs	100644	d89ffff6cf35af97475bf535e19b9e9e18fcb1d93aaaa4b2d343f7ad3614cc96
	crates/paludarium/tests/command.rs	100644	df1298222bfbf21626f436254a4fd808dc974e0372937c117dd9f2b102bbf4de
	deny.toml	100644	48881b3279292f43cbd1687636bce894185d35f5163c915a2799aff9f4d9b4e6
	docs/reports/wasm-threads.md	100644	0a06a9c381c0b8e32fd9d8761e92d95f37ee8f7e9a32037ad21cec5dc32b5cdf
	docs/u1/census/hello-c.forms	100644	abe35f3b83f96161a26517727cd7797a01a352398568dad014d1d5ae7a0017ff
	docs/u1/census/hello-c.mnemonics	100644	3d53ca0d784f139f9e8058151645f6975bb6e88ca4f433c60754ebd92f48b7f0
	docs/u1/census/hello-rs.forms	100644	41de22ccbd60bf0302ae143bb3a6951800c12687f32d399b91aed2e88df8bf26
	docs/u1/census/hello-rs.mnemonics	100644	c02c667fa55df984ee55fca5ad5edc69d12c97b8811525ec6df9d7e724b9f58c
	docs/u1/census/repair-20261008.md	100644	d17d53f48606cf6c734babbf85f6bb969cdc6c29ef58194f5e14c11d0fca177e
	fuzz/Cargo.lock	100644	f72024fa59bf3a1c52ba253beb677f197de6e7ac99134f12ecedb2c1777730ff
	fuzz/Cargo.toml	100644	ddc4b41f10d46ec220aea9d71b32e6890bc0f01bec6c74f16a9a98ff929b7b5b
	fuzz/fuzz_targets/decode.rs	100644	f4b4ee13e7b92cad1fb6d48be40f2340338a409f85fa7d0e4d624be4ef6dea5d
	fuzz/fuzz_targets/load_elf.rs	100644	c983fe978af1156131b9bffc2f1e5e2cf655a6be3d886eafc4e7cd1a58a3f359
	fuzz/fuzz_targets/mmu_ops.rs	100644	b47b75285d760a0e7b04efd79d7ea6a0c737606347e3b5e3754d258a9beed4a8
	fuzz/fuzz_targets/syscall_args.rs	100644	0dacb32f4237e2376814024c8aaf91a3921cc0fbfd71d5ecfcad1c91bcafda00
	fuzz/lsan.supp	100644	0093908d3e9a8788c2936875ae16705a1b7f756f5baa52839f876077847d7e4d
	rust-toolchain.toml	100644	c0ab4a2681f5d8f2dfb9c85131cf4eb8a3177009fc3fe8372273340ae9189175
	scripts/linux-dev.sh	100644	295201875582f0dd6d8108c241bd7c550d76f12570dcf9f2b93bb0647eda8e2f
	spikes/wasm-threads/.cargo/config.toml	100644	7876cda4cff9fd261511e04f9466e724a98e5940eaa20aa57c1c2afe22cddb07
	spikes/wasm-threads/Cargo.lock	100644	13b498b812a6de2fda64b6147e0b2db14cc1cb7fcd652f40237ed5465a60a923
	spikes/wasm-threads/Cargo.toml	100644	3e9c5b86cf6cfbf4ef3805141c45757db01715ab475fc6b82884240096ecad62
	spikes/wasm-threads/browser-check.mjs	100644	91d49ed097e1d9fad2cb413c5dc9e02a6540f37687390d6027d22e5c46bdab5c
	spikes/wasm-threads/build.sh	100644	6d88f7f362388f3b1068226340dd2c82a794c30f7007a78b7620b3f1fb197a3c
	spikes/wasm-threads/js/check.mjs	100644	8c6ed30ca7b217e4fcd06f630df1591e6ecf7c6a10ffebf2d94b4314e9fa254c
	spikes/wasm-threads/js/worker.mjs	100644	e6d710899921ce39899b8d8d7f7957df3bb126a796cbbcba38b36e5b1046973b
	spikes/wasm-threads/node-check.mjs	100644	294acc3221c6a9d4c9ba0836172b15d0742b1dcbfc7c0edbe5cfacb045b7570a
	spikes/wasm-threads/package-lock.json	100644	72423f96e088e107038627cf3a569171cf4a0d4e9400af1c9abfb66be0461f23
	spikes/wasm-threads/package.json	100644	93394669841d8757fd2993070ff9949771b178718091f5217bd0284dc8b779c8
	spikes/wasm-threads/serve.mjs	100644	25adf3ab9ab969d5935f2595de8cf3176d92373d31d32a6ff7abbf7d07de012a
	spikes/wasm-threads/src/lib.rs	100644	b5ee34515f702aa7c8616854a4a49d8a20a0112826518eed8ad5f677c11c907c
	spikes/wasm-threads/web/index.html	100644	06d2fcbdc1851e3c31d52d9ca97fcb050221b874b049be5ff141fd2faf1c3b2e
	spikes/wasm-threads/web/page.mjs	100644	ebfb8834bbf1c0a843c4b7c519d24a314cdd2915783681e9da04b551ec061134
	tests/guests/build.sh	100644	91e7e4af10dd8223bda4a543dc221b018607c819298584d6fd500d439c6da91f
	tests/guests/hello-c/hello.c	100644	cf962316ff20165dd455db11efe1da85baaf2c669a5e13c8c5562c7e92e44554
	tests/guests/hello-rs/Cargo.lock	100644	abf0c8a00e194ac6ceb51512c27b85143e5c961daace7e8d7ee63a005b27cd5a
	tests/guests/hello-rs/Cargo.toml	100644	c015cb2fa3a107229f9ca9c4a8a087edfdd0b7a01d3bb56b06847209ae2c7e48
	tests/guests/hello-rs/src/main.rs	100644	4645b82e7df19f8a5466112abba5bb6e96828e9f42d068f8b44ce970248056f4
	tests/guests/insn/UNDEFINED.md	100644	6e7aa22e0e27f24c3878aebda754010d78412ca2a0e52ab2aacf4c601147d4e5
	tests/guests/insn/alu.c	100644	b7fcb75a1d47ebc78e05a73a440cc3ce21180655429cf417e1b2f2e32fe513f8
	tests/guests/insn/atomic.c	100644	151e01ffed590aae6b24589f19748df1b3f3ad6a45e888bfb9c2487c9d0a2ded
	tests/guests/insn/bt.c	100644	1ce6448175462d1cb7ab3ec0cdbfc06de9df606da01fa338bca8860f6e131415
	tests/guests/insn/cmptest.c	100644	3d47ac8c2b08a1eebc57a4ae6e6a90605be6b450d21dca9276a74ec9ebdb6fc4
	tests/guests/insn/cond-cmov.c	100644	76341d5a78640df8b01f2f2b0b5e8be0a79f68165feb45d7e4035dbfae16710d
	tests/guests/insn/cond-jcc.c	100644	a60eb986c5809f1ec38cbdb84fc235d4d76ae944c0f16dd334b787c0e7e6d7df
	tests/guests/insn/cond-set.c	100644	9597d876b2ae8f07130f9428bf4690a6ea4f9cf700e7e3980709ad43ac8e223b
	tests/guests/insn/incdec.c	100644	8d77563cfab550af774b9e08477cc54971b1f63ae46d80dd85aa496d4c53e2cc
	tests/guests/insn/insn.h	100644	d2f14e141a0f0901c14a64e793be4555123be0e27ebd8e919274d011c2ff8b6c
	tests/guests/insn/mov.c	100644	48cbce3f6c8fb4a26b8a03348861db8fa9af4747084d55c7806b8fbd085e840e
	tests/guests/insn/muldiv.c	100644	bcfb1b86ace48323df9201ecc5a225aa0720e7007e12fda3bbb73cbb44e836dd
	tests/guests/insn/shift.c	100644	de48b4a8b323d6432967911e34f677d6c4d0a9ef6da8282148ba4f43ca3c3578
	tests/guests/insn/sse.c	100644	491c51e83c7c7472a9e5ddba25630989139c6acb9528a0791f55ef9576eafdad
	tests/guests/insn/string.c	100644	92264a6a57ad7488006fe18c2ab89a53254444c688a098d884a94706036f9278
	tests/guests/u2/observe.c	100644	afc158e8fbefb58eb632ad74dcd0b1ea471a9fa7bfec7556a5f7bd4031062b2f
	tests/guests/u4/build.sh	100644	cd5943adf40121aeac684f3785be91ad508335a774d86197078d4c865f78b3e6
	tests/guests/u7/build.sh	100644	da4bbaf56b52ec8d133874f829efe05f84b57ef936f38f59eb769e40de04e215
	tools/insn-trace/insn-census.sh	100644	2423faf3ad7c47c510b4444cadc6c7bb0054e9256b50dc6d8a444726c0c3b78a
	tools/insn-trace/insn-trace.c	100644	8fd62ea2bce4648c2e47d0e02a5a1ebf5a0d15b287cf8cdb50f6d06b2e5339c3
