manifest	78baf35f5898f17bcee628d0321b0beffaed1990b5f750ab7ba0009a31e9cd24	-
	.github/workflows/ci.yml	100644	28181dbe9d74b5b0c9e18587e55f8be17202873f6d2648fb5a20d18858ad9180
	.github/workflows/nightly.yml	100644	5e22d1700f09378b88445811587c4c920786eeb650170831249888c15ad2192d
	Cargo.lock	100644	400394755055da9c9ce3565849bf292bc90e773fa5cdaaff1316a563b0f606d4
	README.md	100644	ceb35c082eb909e12fc2af7dd63e2724678daf48e231a2bab5a50fee08ba062f
	crates/paludarium-cpu/src/exec.rs	100644	f7b69a2e329ffb0321b8db1dfa36d97e7ab7370af4eefc27bc32b2366a9ec370
	crates/paludarium-cpu/src/lib.rs	100644	5318fa7dfc8f242413c922e11540da6aa49ff40f8f8bac75e6526abe4821d4fe
	crates/paludarium-cpu/src/state.rs	100644	a024cfeb33ca06d47ebe97cb319b8411635492f06a9b889b9480e476735f8e02
	crates/paludarium-cpu/src/u2_tests.rs	100644	3231ac14d1de0538561b9c66b95850d57e8649a5cba75bdfe1fc8902b88b6360
	crates/paludarium-decoder/src/lib.rs	100644	50d689b8940adbb20e9dab188870609fbea2aa0dc88530b11b45f1984ba7414c
	crates/paludarium-harness/Cargo.toml	100644	a69c10e2b91b2eda5c4c0a8990b7f245fbff3eced667bfade93ebfa80577ff5a
	crates/paludarium-harness/tests/diff_u2.rs	100644	80d45431786b39dd4a8fd3285bad08bd654ac68c47818ff18a9843355e6a45d8
	crates/paludarium-harness/tests/parallel_u2.rs	100644	d54cd8287dfc47ff37f8e2dc7219d13b1c144d3de9494ff55c6870b9bf616005
	crates/paludarium-harness/tests/support/u2.rs	100644	ae6e7ee5a578b07f3b31616dfe3ceec31bbef5bae0ac1e56d58d503b255fd492
	crates/paludarium-kernel/src/lib.rs	100644	66c9c0d253f4e6fc10bb435fdc4ccfcfa9a1d9876fa6cddbe73c2db08bd86fe3
	crates/paludarium-kernel/src/tests.rs	100644	6de5b6a9bf388ea1207b90457955b213654cdc6631ec70db639ed9adf2547641
	crates/paludarium-mmu/src/lib.rs	100644	858a6f3c60dd83bcb1c0e2b54bfbb78c515fb049bd2a62b2b59f5f5716f511ad
	crates/paludarium-mmu/src/tests.rs	100644	307f5e3c6e260b28fdc3122092fb1b7b19ca2b4c653a98d58c8410accbb7b8d6
	crates/paludarium-types/src/lib.rs	100644	8faf9c740bb7626432302afbe0a8f14df498a72752bb24727223cca7c5b0b69c
	docs/u2/differential-coverage.md	100644	f329c8a5a4fd4edf1e11d759bcd2b037daaad68677fe93128b8a7a21605d1e30
	docs/u2/flag-masks.md	100644	44af012aeed00a1953eef07cd7fedcaa6a841e3ee5a442e5e54e5b65885a5c6b
	docs/u2/inventory.md	100644	f52be74496cbaad2ef59869c444883fdb6b5d57473b4f88799200c91d584d571
	docs/u2/inventory/aube.body-runtime.json	100644	a5c5dbabc676f1171d0d089407fa3e073d5261092ad7ec21a8dd980332117541
	docs/u2/inventory/aube.candidate-classification.json	100644	6390208db135fb1e938c5824189e926d9cf80a41a0792d49085355cfb8c652dd
	docs/u2/inventory/aube.frozen.body-runtime.json	100644	6ef81b729911f57b97d5802d875a1613feb4265b8db7a8e6cbb8ce712861c6a8
	docs/u2/inventory/aube.frozen.native.stderr	100644	0764d270d516a37f1ed16d2ee63809bc912079f284794b0e8fe52baf1b0c4945
	docs/u2/inventory/aube.frozen.native.stdout	100644	e3b0c44298fc1c149afbf4c8996fb92427ae41e4649b934ca495991b7852b855
	docs/u2/inventory/aube.install.body-runtime.json	100644	5bb7a6bc3b100781229b184daed5790c0d2143a6509e34b10173079959ef1d42
	docs/u2/inventory/aube.install.native.stderr	100644	e3de52628bc753a4ed1a745653bba12e75b8eaece0a530f80ff184f953d7cf21
	docs/u2/inventory/aube.install.native.stdout	100644	e3b0c44298fc1c149afbf4c8996fb92427ae41e4649b934ca495991b7852b855
	docs/u2/inventory/aube.list.body-runtime.json	100644	9004e3824005832ac30db5a4b2608e3c839299508d19c724b3712aceec10142f
	docs/u2/inventory/aube.list.native.stderr	100644	e3b0c44298fc1c149afbf4c8996fb92427ae41e4649b934ca495991b7852b855
	docs/u2/inventory/aube.list.native.stdout	100644	a882db28f220fc285aca764bf6b9c25f40ef8668328780e6b18b2446b451a3ee
	docs/u2/inventory/aube.runtime.json	100644	835a4e394f6d242600c86162d57c96ec99b4eae829dcdfafe7faef820ce90a07
	docs/u2/inventory/aube.static.json	100644	fd030342c2b2d8bd9acd79c7b77ce0bed87df3fa796620691715206d31b36dcf
	docs/u2/inventory/aube.version.body-runtime.json	100644	fa5b3401288c0fb665aeeccc6c3c2188ae1684636b1f0fa67a557c8f321877de
	docs/u2/inventory/aube.version.native.stderr	100644	e3b0c44298fc1c149afbf4c8996fb92427ae41e4649b934ca495991b7852b855
	docs/u2/inventory/aube.version.native.stdout	100644	cc527aee2db732fc9bb7a1b63c06bacbb41cde169d6ad1fbcacc0cbef54babd0
	docs/u2/inventory/probe.body-runtime.json	100644	3711267ca6976f1751e114da2c8149b72913d820d0a024916bc7b57793ec468e
	docs/u2/inventory/probe.native.stderr	100644	e3b0c44298fc1c149afbf4c8996fb92427ae41e4649b934ca495991b7852b855
	docs/u2/inventory/probe.native.stdout	100644	c5d4d65ff0dc785e095260ea9d8a8fb6b43ee582f5592064c996141c52ca8a2b
	docs/u2/inventory/probe.runtime.json	100644	ed20563d61045dfa481bd2aac37e28079b53d8813c98e0ae03c2501c09d3264f
	docs/u2/inventory/probe.static.json	100644	911df1b37023c5cbfa426b30d7e5698f1493d5d65688e6b2b5786a9581e0199b
	docs/u2/inventory/rebuild/aube-build.txt	100644	72c6aa1d0340ea685ad95499fe65f31303f42ce406a1f79f5cba74c7607dc893
	docs/u2/inventory/rebuild/aube-source-files.before.sorted.sha256	100644	d800baf85ac4bb72c2af599656b96b8e927518cec02c4c7651146f8d704a469a
	docs/u2/inventory/rebuild/aube.form-classification.json	100644	ab2966aafcdf9100fc6fb49553cba403bc5f9ec1481ed4b8054ba6af434dfbde
	docs/u2/inventory/rebuild/aube.form-comparison.json	100644	a86bce88d48fa0790f53404686de7df83ef1652393b99952235838767719a230
	docs/u2/inventory/rebuild/aube.rebuilt.candidate-classification.json	100644	6390208db135fb1e938c5824189e926d9cf80a41a0792d49085355cfb8c652dd
	docs/u2/inventory/rebuild/aube.rebuilt.frozen.body-runtime.json	100644	cfbebe1cfccad1fdb9f8841db7c47acc0d6065e2d45e4e897429a77c0fe71381
	docs/u2/inventory/rebuild/aube.rebuilt.frozen.native.stderr	100644	73d725f87c656c788ff32dce3cb820aca03b505c648d829841081d3b3e557511
	docs/u2/inventory/rebuild/aube.rebuilt.frozen.native.stdout	100644	e3b0c44298fc1c149afbf4c8996fb92427ae41e4649b934ca495991b7852b855
	docs/u2/inventory/rebuild/aube.rebuilt.install.body-runtime.json	100644	8d0415dec6fb00bbbe2380c187e3f6973961e6c0ee280470560b0bd918356b22
	docs/u2/inventory/rebuild/aube.rebuilt.install.native.stderr	100644	52c65322eea8eea296b6bfad79e5215b944c0766afdfee7d871eceb5dee0beee
	docs/u2/inventory/rebuild/aube.rebuilt.install.native.stdout	100644	e3b0c44298fc1c149afbf4c8996fb92427ae41e4649b934ca495991b7852b855
	docs/u2/inventory/rebuild/aube.rebuilt.list.body-runtime.json	100644	a601467e890ee2dc1df7ef3f5301b47524806b641c446bb4f53d16afbd7e2b99
	docs/u2/inventory/rebuild/aube.rebuilt.list.native.stderr	100644	e3b0c44298fc1c149afbf4c8996fb92427ae41e4649b934ca495991b7852b855
	docs/u2/inventory/rebuild/aube.rebuilt.list.native.stdout	100644	32d30418a10f09debf2fd3e83dc42d113e5b5da18a30b3668352f19880f5a14b
	docs/u2/inventory/rebuild/aube.rebuilt.static.json	100644	fd030342c2b2d8bd9acd79c7b77ce0bed87df3fa796620691715206d31b36dcf
	docs/u2/inventory/rebuild/aube.rebuilt.version.body-runtime.json	100644	a97ad8a24e96edf0a978164e02a6cc0db0a4bee09d97f2d6c669615879b690d1
	docs/u2/inventory/rebuild/aube.rebuilt.version.native.stderr	100644	e3b0c44298fc1c149afbf4c8996fb92427ae41e4649b934ca495991b7852b855
	docs/u2/inventory/rebuild/aube.rebuilt.version.native.stdout	100644	77574bc4e807c2d15e3df8325d334235c03043f91f318867770184db50b7242f
	docs/u2/inventory/rebuild/build-receipt.json	100644	4229799ebb12f7fd9b3fbaeee8ef710978e4836e3e486899d0fac0f14a193d7a
	docs/u2/inventory/rebuild/packages.txt	100644	c4764c6833c15e911c23350c17f5005c5dd1a281777bfefbcb70de9be72e1d40
	docs/u2/inventory/rebuild/probe-build.txt	100644	f302ead4f0ab1508bea999a014fe59d716bc67e88cd4fffd23408883d72d8555
	docs/u2/inventory/rebuild/probe-source-files.before.sorted.sha256	100644	77898577c3f6c15399d70fba84caacd4ad83f5ab0b99f6b9b4ba59500fbfde3f
	docs/u2/inventory/rebuild/probe.form-classification.json	100644	76c79131b824ee75ef32380179447184b951fd202081d929633ac2b25015a078
	docs/u2/inventory/rebuild/probe.rebuilt.native.stderr	100644	e3b0c44298fc1c149afbf4c8996fb92427ae41e4649b934ca495991b7852b855
	docs/u2/inventory/rebuild/probe.rebuilt.native.stdout	100644	c5d4d65ff0dc785e095260ea9d8a8fb6b43ee582f5592064c996141c52ca8a2b
	docs/u2/inventory/rebuild/probe.rebuilt.static.json	100644	911df1b37023c5cbfa426b30d7e5698f1493d5d65688e6b2b5786a9581e0199b
	docs/u2/inventory/rebuild/toolchain.txt	100644	f081ca7ff563358e5e7db2a2b5a29234a6a6c095dbf8df98e5ffe5fe2fd0e6b1
	fuzz/Cargo.toml	100644	a76400f285bb6eb0c8d567ef4d9cc4f3d6623bbd787b379b48c213539f565052
	fuzz/fuzz_targets/cpu_u2.rs	100644	f7386933080c3e78242bb93922c1a58c1fb42430af792a13c41244fd205bd4d3
	fuzz/fuzz_targets/mmu_u2.rs	100644	2f7334c3a2218e209dc2b95c0d2d8c7619eeb129047142293e6114032f269a5f
	tests/guests/insn/u2-bmi.c	100644	a50acfae855016be292ac3ccd14fd023d346d3737602e996b27df0cc2c2da7fb
	tests/guests/insn/u2-control.c	100644	253ec41f6bfec5fd91185a781f898840b96860e0dd1552adf6b5463fa5036df2
	tests/guests/insn/u2-frame.c	100644	a0442993a72cc07b426c9e4993e10361b3c50ba695c8aed248acaa47977aa665
	tests/guests/insn/u2-integer.c	100644	e25be8058aa9ebff80c245b6abec2e9cb7395bd4f78da89ba102be61a8e649f6
	tests/guests/insn/u2-pairs.c	100644	136d7420985ededef48e1f2222bc6ca4dd2ec155c49ce39842ab9fbe67aebd5b
	tests/guests/insn/u2-string.c	100644	86169d25895a092656fc0f4c49b83d917d817d2d6660d7f71c1d23d0a8bc80ec
	tests/guests/u2/build.sh	100644	2eb278301590276d8375db3fa337a92e11bd455c38aa0ac63d39179930f3407f
	tests/guests/u2/classify.py	100644	b6e9fb9e905d7a343e0ade928c037e5c0816175d69641c793f71b8d40e3f40d7
	tests/guests/u2/inventory.py	100644	b9cd812d2ebe8a386f379891cb692dec49f909bd0f291ab2c4ede6e7b029a2b6
	tests/guests/u2/observe.c	100644	47857b82abbc3ce120e333eb08afd77ad77a75fd5fbe989a24ab410091db7667
	tests/guests/u2/trace.py	100644	ca666de99e74499d18a2a501d6fc127e616770932a959d7314d767494f7a1f70
