manifest	f63868dd93dda0e9138225540f9b4967915329441dfe1d6eb35d5ab0de12b0a7	-
	.github/workflows/ci.yml	100644	cfcae2d565698425b6f816f204a797d4aefdeae2d3777b857f027a92bf5cffe6
	.github/workflows/nightly.yml	100644	2dc922a8b39d6ff1e939fba1b1da22a629f0b57e4073bea07836328c7390f0a1
	Cargo.lock	100644	553b2b8d7670426ed73c51f1d756b93a6a8b26bc427de87afa01a15f60264b27
	README.md	100644	26957e8cb8307bd9ed01b935223c5d7de3186b0ad114497794d985e16594d10a
	crates/paludarium-cpu/src/exec.rs	100644	e660a4c0cc569a679e3c6dcf3511e782415196bc59786bc29eb16fc77ef1015e
	crates/paludarium-cpu/src/lib.rs	100644	a8d125e9d8e4e2de4585d7398497a361b5491de3cc46cee25584b8fe34f0144d
	crates/paludarium-cpu/src/state.rs	100644	c51b9e636499ef7bea2c66ed768a8b660f98006f4fc1adfae9aec9a5f3580fb2
	crates/paludarium-cpu/src/u2_tests.rs	100644	dc80918a12a451e743f9bb0eabd8120fb4849019db698faa6a70494607d67827
	crates/paludarium-decoder/src/lib.rs	100644	0fccdc45dc22618ec591f41ae9ab7f278084a83803fdeeffa6347ff4dff4162e
	crates/paludarium-harness/Cargo.toml	100644	5fe447eb1e2161ecdc2824ec70b86214c8dd1a020f28a3b0a744ee2d4a095d4c
	crates/paludarium-harness/tests/diff_u2.rs	100644	b8e2bbbc0b755fad7b673395a9b3b11927b6c70547ee10a138bcacdeef488d78
	crates/paludarium-harness/tests/parallel_u2.rs	100644	99033a4e82f6bdfb294a68570e55ed8ac9227268b8de47fc19e7971c5d697412
	crates/paludarium-harness/tests/support/u2.rs	100644	ae6e7ee5a578b07f3b31616dfe3ceec31bbef5bae0ac1e56d58d503b255fd492
	crates/paludarium-kernel/src/lib.rs	100644	e99efab173b3ded55a304a9401cec32f39c04a910d0d53c3b65c985c6b134094
	crates/paludarium-kernel/src/tests.rs	100644	ddbb3a8ca0dda838498644e42490ecd62db5c82d54453a591315f7ba7e2c906b
	crates/paludarium-mmu/src/lib.rs	100644	f1f5b8008ed5e133869d8a42e4643c738a996c1018aedd44ad69904a2f9edf00
	crates/paludarium-mmu/src/tests.rs	100644	cd69af3c787b888fa0a23c030288f06b3f712d332d2eb9ed60c2b74b1d0b1d28
	crates/paludarium-types/src/lib.rs	100644	12da72a3da46c262b56bf653e3f02e3df3f09776735eba3ea29fddaa347655f1
	docs/u2/differential-coverage.md	100644	3fe5648fda08b2453cd98917fa8e5b62aa20022707069e06874cb909792e567e
	docs/u2/flag-masks.md	100644	bf30e5de1052ca27a342abf78b480347aa3c116fcebbdfabb590f30fa3783f69
	docs/u2/inventory.md	100644	23d0ad619eaf385750649f87449b21d1ed4d51b9f10d7d0dfaf6bbafab121241
	docs/u2/inventory/aube.body-runtime.json	100644	a5c5dbabc676f1171d0d089407fa3e073d5261092ad7ec21a8dd980332117541
	docs/u2/inventory/aube.candidate-classification.json	100644	6390208db135fb1e938c5824189e926d9cf80a41a0792d49085355cfb8c652dd
	docs/u2/inventory/aube.frozen.body-runtime.json	100644	6ef81b729911f57b97d5802d875a1613feb4265b8db7a8e6cbb8ce712861c6a8
	docs/u2/inventory/aube.frozen.native.stderr	100644	0764d270d516a37f1ed16d2ee63809bc912079f284794b0e8fe52baf1b0c4945
	docs/u2/inventory/aube.frozen.native.stdout	100644	e3b0c44298fc1c149afbf4c8996fb92427ae41e4649b934ca495991b7852b855
	docs/u2/inventory/aube.install.body-runtime.json	100644	5bb7a6bc3b100781229b184daed5790c0d2143a6509e34b10173079959ef1d42
	docs/u2/inventory/aube.install.native.stderr	100644	e3de52628bc753a4ed1a745653bba12e75b8eaece0a530f80ff184f953d7cf21
	docs/u2/inventory/aube.install.native.stdout	100644	e3b0c44298fc1c149afbf4c8996fb92427ae41e4649b934ca495991b7852b855
	docs/u2/inventory/aube.list.body-runtime.json	100644	9004e3824005832ac30db5a4b2608e3c839299508d19c724b3712aceec10142f
	docs/u2/inventory/aube.list.native.stderr	100644	e3b0c44298fc1c149afbf4c8996fb92427ae41e4649b934ca495991b7852b855
	docs/u2/inventory/aube.list.native.stdout	100644	a882db28f220fc285aca764bf6b9c25f40ef8668328780e6b18b2446b451a3ee
	docs/u2/inventory/aube.runtime.json	100644	835a4e394f6d242600c86162d57c96ec99b4eae829dcdfafe7faef820ce90a07
	docs/u2/inventory/aube.static.json	100644	fd030342c2b2d8bd9acd79c7b77ce0bed87df3fa796620691715206d31b36dcf
	docs/u2/inventory/aube.version.body-runtime.json	100644	fa5b3401288c0fb665aeeccc6c3c2188ae1684636b1f0fa67a557c8f321877de
	docs/u2/inventory/aube.version.native.stderr	100644	e3b0c44298fc1c149afbf4c8996fb92427ae41e4649b934ca495991b7852b855
	docs/u2/inventory/aube.version.native.stdout	100644	cc527aee2db732fc9bb7a1b63c06bacbb41cde169d6ad1fbcacc0cbef54babd0
	docs/u2/inventory/probe.body-runtime.json	100644	3711267ca6976f1751e114da2c8149b72913d820d0a024916bc7b57793ec468e
	docs/u2/inventory/probe.native.stderr	100644	e3b0c44298fc1c149afbf4c8996fb92427ae41e4649b934ca495991b7852b855
	docs/u2/inventory/probe.native.stdout	100644	c5d4d65ff0dc785e095260ea9d8a8fb6b43ee582f5592064c996141c52ca8a2b
	docs/u2/inventory/probe.runtime.json	100644	ed20563d61045dfa481bd2aac37e28079b53d8813c98e0ae03c2501c09d3264f
	docs/u2/inventory/probe.static.json	100644	911df1b37023c5cbfa426b30d7e5698f1493d5d65688e6b2b5786a9581e0199b
	docs/u2/inventory/rebuild/aube-build.txt	100644	72c6aa1d0340ea685ad95499fe65f31303f42ce406a1f79f5cba74c7607dc893
	docs/u2/inventory/rebuild/aube-source-files.before.sorted.sha256	100644	d800baf85ac4bb72c2af599656b96b8e927518cec02c4c7651146f8d704a469a
	docs/u2/inventory/rebuild/aube.form-classification.json	100644	ab2966aafcdf9100fc6fb49553cba403bc5f9ec1481ed4b8054ba6af434dfbde
	docs/u2/inventory/rebuild/aube.form-comparison.json	100644	a86bce88d48fa0790f53404686de7df83ef1652393b99952235838767719a230
	docs/u2/inventory/rebuild/aube.rebuilt.candidate-classification.json	100644	6390208db135fb1e938c5824189e926d9cf80a41a0792d49085355cfb8c652dd
	docs/u2/inventory/rebuild/aube.rebuilt.frozen.body-runtime.json	100644	cfbebe1cfccad1fdb9f8841db7c47acc0d6065e2d45e4e897429a77c0fe71381
	docs/u2/inventory/rebuild/aube.rebuilt.frozen.native.stderr	100644	73d725f87c656c788ff32dce3cb820aca03b505c648d829841081d3b3e557511
	docs/u2/inventory/rebuild/aube.rebuilt.frozen.native.stdout	100644	e3b0c44298fc1c149afbf4c8996fb92427ae41e4649b934ca495991b7852b855
	docs/u2/inventory/rebuild/aube.rebuilt.install.body-runtime.json	100644	8d0415dec6fb00bbbe2380c187e3f6973961e6c0ee280470560b0bd918356b22
	docs/u2/inventory/rebuild/aube.rebuilt.install.native.stderr	100644	52c65322eea8eea296b6bfad79e5215b944c0766afdfee7d871eceb5dee0beee
	docs/u2/inventory/rebuild/aube.rebuilt.install.native.stdout	100644	e3b0c44298fc1c149afbf4c8996fb92427ae41e4649b934ca495991b7852b855
	docs/u2/inventory/rebuild/aube.rebuilt.list.body-runtime.json	100644	a601467e890ee2dc1df7ef3f5301b47524806b641c446bb4f53d16afbd7e2b99
	docs/u2/inventory/rebuild/aube.rebuilt.list.native.stderr	100644	e3b0c44298fc1c149afbf4c8996fb92427ae41e4649b934ca495991b7852b855
	docs/u2/inventory/rebuild/aube.rebuilt.list.native.stdout	100644	32d30418a10f09debf2fd3e83dc42d113e5b5da18a30b3668352f19880f5a14b
	docs/u2/inventory/rebuild/aube.rebuilt.static.json	100644	fd030342c2b2d8bd9acd79c7b77ce0bed87df3fa796620691715206d31b36dcf
	docs/u2/inventory/rebuild/aube.rebuilt.version.body-runtime.json	100644	a97ad8a24e96edf0a978164e02a6cc0db0a4bee09d97f2d6c669615879b690d1
	docs/u2/inventory/rebuild/aube.rebuilt.version.native.stderr	100644	e3b0c44298fc1c149afbf4c8996fb92427ae41e4649b934ca495991b7852b855
	docs/u2/inventory/rebuild/aube.rebuilt.version.native.stdout	100644	77574bc4e807c2d15e3df8325d334235c03043f91f318867770184db50b7242f
	docs/u2/inventory/rebuild/build-receipt.json	100644	4229799ebb12f7fd9b3fbaeee8ef710978e4836e3e486899d0fac0f14a193d7a
	docs/u2/inventory/rebuild/packages.txt	100644	c4764c6833c15e911c23350c17f5005c5dd1a281777bfefbcb70de9be72e1d40
	docs/u2/inventory/rebuild/probe-build.txt	100644	f302ead4f0ab1508bea999a014fe59d716bc67e88cd4fffd23408883d72d8555
	docs/u2/inventory/rebuild/probe-source-files.before.sorted.sha256	100644	77898577c3f6c15399d70fba84caacd4ad83f5ab0b99f6b9b4ba59500fbfde3f
	docs/u2/inventory/rebuild/probe.form-classification.json	100644	76c79131b824ee75ef32380179447184b951fd202081d929633ac2b25015a078
	docs/u2/inventory/rebuild/probe.rebuilt.native.stderr	100644	e3b0c44298fc1c149afbf4c8996fb92427ae41e4649b934ca495991b7852b855
	docs/u2/inventory/rebuild/probe.rebuilt.native.stdout	100644	c5d4d65ff0dc785e095260ea9d8a8fb6b43ee582f5592064c996141c52ca8a2b
	docs/u2/inventory/rebuild/probe.rebuilt.static.json	100644	911df1b37023c5cbfa426b30d7e5698f1493d5d65688e6b2b5786a9581e0199b
	docs/u2/inventory/rebuild/toolchain.txt	100644	f081ca7ff563358e5e7db2a2b5a29234a6a6c095dbf8df98e5ffe5fe2fd0e6b1
	docs/u2/repairs/r01-cpu-fuzz-final.txt	100644	58a15a895e7dc7d017872b311ec0f4f52e513973fc104e560ca3e795af88f5e6
	docs/u2/repairs/r01-cpu-fuzz-sync-failure.txt	100644	347a002c3ba7d70e3d863e9b0e31b684ab2ae55878e80e35132b036ec6c34d70
	docs/u2/repairs/r01-emulator-red.txt	100644	2fd42aa8fc6d1dc1da0e75d1bc2bc55bfac8abc591ae70fd04b4bbe183b1bcd7
	docs/u2/repairs/r01-gs-fault-green.txt	100644	3a72c8701c35e164232ed94519c0b0e8d9f4f1c59ff6ec7c6d490ad35c1c6487
	docs/u2/repairs/r01-gs-fault-red.txt	100644	6a690feedbfbc6f6b269383deffa737056a243410d74910c4959c98af780a66a
	docs/u2/repairs/r01-mmu-fuzz-final.txt	100644	84d542087e72d32bae1f16b543d4988e5fd6067ec6387f4d60d62c8665c518eb
	docs/u2/repairs/r01-native-red.txt	100644	de83280890a0356f64876f040123fee9fe397e394c7a2e9d8530622f675cf5cc
	docs/u2/repairs/r01-segment-green.txt	100644	fbd25aaa14f498aed93f999856ed5bd3a49315bad521b53ada5a5e500cc3775b
	docs/u2/repairs/r01-segment-red.txt	100644	b93dd9542a88a99e6231caefbccfb38d870041f30005ab996eb7fca141d50e31
	docs/u2/repairs/r01-workspace-coverage.txt	100644	5d6c238eaa0c184bba573176bfb8ef90ba2c13ab368bb9e1a98c08be006df5a9
	docs/u2/repairs/u2-cargo-deny.txt	100644	aa2657b0ad2d2059d4692c2c2784aaa2894f31bbaa26f532ffd3855f5625cd84
	fuzz/Cargo.toml	100644	ddc4b41f10d46ec220aea9d71b32e6890bc0f01bec6c74f16a9a98ff929b7b5b
	fuzz/fuzz_targets/cpu_u2.rs	100644	f7386933080c3e78242bb93922c1a58c1fb42430af792a13c41244fd205bd4d3
	fuzz/fuzz_targets/mmu_u2.rs	100644	2f7334c3a2218e209dc2b95c0d2d8c7619eeb129047142293e6114032f269a5f
	tests/guests/insn/u2-bmi.c	100644	a50acfae855016be292ac3ccd14fd023d346d3737602e996b27df0cc2c2da7fb
	tests/guests/insn/u2-control.c	100644	253ec41f6bfec5fd91185a781f898840b96860e0dd1552adf6b5463fa5036df2
	tests/guests/insn/u2-frame.c	100644	a0442993a72cc07b426c9e4993e10361b3c50ba695c8aed248acaa47977aa665
	tests/guests/insn/u2-integer.c	100644	e25be8058aa9ebff80c245b6abec2e9cb7395bd4f78da89ba102be61a8e649f6
	tests/guests/insn/u2-pairs.c	100644	136d7420985ededef48e1f2222bc6ca4dd2ec155c49ce39842ab9fbe67aebd5b
	tests/guests/insn/u2-segment-atomic.c	100644	f71d1cbf5e4a6275473bd8d5d54fdc84358fc475940f39394357028920379546
	tests/guests/insn/u2-string.c	100644	86169d25895a092656fc0f4c49b83d917d817d2d6660d7f71c1d23d0a8bc80ec
	tests/guests/u2/build.sh	100644	2eb278301590276d8375db3fa337a92e11bd455c38aa0ac63d39179930f3407f
	tests/guests/u2/classify.py	100644	b6e9fb9e905d7a343e0ade928c037e5c0816175d69641c793f71b8d40e3f40d7
	tests/guests/u2/inventory.py	100644	b9cd812d2ebe8a386f379891cb692dec49f909bd0f291ab2c4ede6e7b029a2b6
	tests/guests/u2/observe.c	100644	afc158e8fbefb58eb632ad74dcd0b1ea471a9fa7bfec7556a5f7bd4031062b2f
	tests/guests/u2/trace.py	100644	ca666de99e74499d18a2a501d6fc127e616770932a959d7314d767494f7a1f70
