path	sha256	ci_source_match
.github/workflows/ci.yml	cfcae2d565698425b6f816f204a797d4aefdeae2d3777b857f027a92bf5cffe6	MATCH
.github/workflows/native-diagnostic.yml	d8114986172116907c1d6440172736f29a88c3e3fcb87a4afb6884059af39276	MATCH
.github/workflows/nightly.yml	2dc922a8b39d6ff1e939fba1b1da22a629f0b57e4073bea07836328c7390f0a1	MATCH
Cargo.lock	553b2b8d7670426ed73c51f1d756b93a6a8b26bc427de87afa01a15f60264b27	MATCH
Cargo.toml	5894b6bac21f8a48cf856133c14f3949d3007af8c8b8c44750ed3b23d5c51780	MATCH
crates/paludarium-cpu/Cargo.toml	df195375ebc8cd57aa38664efcb7fd4a19da5e6d80e73d87e0ed05dacdd7e697	MATCH
crates/paludarium-cpu/src/alu.rs	5ebdd0c75824142b242ea3e41b1124e90041bff2abdecb00ecbe5f6c730e298f	MATCH
crates/paludarium-cpu/src/exec.rs	e660a4c0cc569a679e3c6dcf3511e782415196bc59786bc29eb16fc77ef1015e	MATCH
crates/paludarium-cpu/src/lib.rs	a8d125e9d8e4e2de4585d7398497a361b5491de3cc46cee25584b8fe34f0144d	MATCH
crates/paludarium-cpu/src/state.rs	c51b9e636499ef7bea2c66ed768a8b660f98006f4fc1adfae9aec9a5f3580fb2	MATCH
crates/paludarium-cpu/src/u2_tests.rs	dc80918a12a451e743f9bb0eabd8120fb4849019db698faa6a70494607d67827	MATCH
crates/paludarium-cpu/src/u4_tests.rs	3b69cb669f0d5c868a1404279e91a43080377d4ea45e0da29f9e54c09909a741	MATCH
crates/paludarium-decoder/Cargo.toml	7db6e7fb7237dc8a68eb98fe757cc32526e538cd705a8039ac23cb0fb8e3a39d	MATCH
crates/paludarium-decoder/src/lib.rs	0fccdc45dc22618ec591f41ae9ab7f278084a83803fdeeffa6347ff4dff4162e	MATCH
crates/paludarium-harness/Cargo.toml	5fe447eb1e2161ecdc2824ec70b86214c8dd1a020f28a3b0a744ee2d4a095d4c	MATCH
crates/paludarium-harness/src/coverage.rs	458f8155842d7a034571662c4d737314b97e744c546028900b1dfcd9a7c3a7cb	MATCH
crates/paludarium-harness/src/lib.rs	032693a9ee3fcedd49d1a364bba3b13feb596a6e7a84fbc1ccf4e0bb0e008d5e	MATCH
crates/paludarium-harness/tests/diff_u1.rs	5c6af822b41be11e5b1c5301a4eb8d9beb54f0bea1a5e6b0fe3dbacacf6bc7a3	MATCH
crates/paludarium-harness/tests/diff_u2.rs	b8e2bbbc0b755fad7b673395a9b3b11927b6c70547ee10a138bcacdeef488d78	MATCH
crates/paludarium-harness/tests/diff_u4.rs	8e5f5561e83af9d8e48f8265666dfb46f3e2ae3487b067d549a167df473dc732	MATCH
crates/paludarium-harness/tests/diff_u7.rs	3b8783794f73d9b309d4e117a6bfd1fcfa7c121574fb56bf608ff6b745ef1f79	MATCH
crates/paludarium-harness/tests/parallel_u2.rs	99033a4e82f6bdfb294a68570e55ed8ac9227268b8de47fc19e7971c5d697412	MATCH
crates/paludarium-harness/tests/support/u2.rs	ae6e7ee5a578b07f3b31616dfe3ceec31bbef5bae0ac1e56d58d503b255fd492	MATCH
crates/paludarium-harness/tests/support/u4.rs	a5e9eb362d821179aa936dadd42181e24f5ffbf55b0fc3de8490de347d8c1e29	MATCH
crates/paludarium-harness/tests/support/u4_oracles.rs	97b15b5eb75a6c7c78226cb7a3791e9aae4ac09ff6106c37f78e04f210b40474	MATCH
crates/paludarium-harness/tests/support/u7.rs	2c8649053567157bff3d45a8297a10843a5cb0de7fc879c11142f7b90ec8fc03	MATCH
crates/paludarium-host/Cargo.toml	2459a5663be649f1802d4293317a78d37df8488c0acdb1bddf3b23a0ad9ce561	MATCH
crates/paludarium-host/src/clock.rs	6b2e53c9938c413b0722fe39e820f975fcaed39f27d3530bcbd17d278a58650d	MATCH
crates/paludarium-host/src/fs.rs	39d4cafe4d21516df8a24675dbf94c99393fee8698edc3fd6306503d23a82248	MATCH
crates/paludarium-host/src/lib.rs	dc9bd9188aaba4c1cc6947d6a0cc677b436991cce569514e0e0579bc3ed5f3f8	MATCH
crates/paludarium-host/src/native_fs.rs	c88d9d93f55e800f77418e6c32333cfeeced3a0a19fbbcf49a70a3c039751342	MATCH
crates/paludarium-host/src/testing.rs	bf4c1070069a972f831c595d7abfa1fda61d08d27353f8f37903e9fe5e128513	MATCH
crates/paludarium-host/src/u4_tests.rs	94e3f37729fd902440eb728d1c4b1b479a051296bf0b6cddd9df17c13fafb0d3	MATCH
crates/paludarium-jit/Cargo.toml	7515331ffc89a06073b36d85a1f8129db1794bd2b3009be98dae48e9e2d5a152	MATCH
crates/paludarium-jit/src/lib.rs	73e4b33dff2d23e639e0cd864b671380f0812c5448da18cadda1c2c93558b3e8	MATCH
crates/paludarium-kernel/Cargo.toml	2043d557bb99dcf6df734e0c81695a67d693fdbfdaf68fa234a6fc32f2cd969e	MATCH
crates/paludarium-kernel/src/files.rs	ecf08880abdac0c367dc9f62807a24a3e2aad1a81631f6d5bc99a1f7012a1e5d	MATCH
crates/paludarium-kernel/src/inbox.rs	1056c93c4f0095ab5c6a39545704760b10eee60ab13da68b81b48da215340d5f	MATCH
crates/paludarium-kernel/src/lib.rs	e99efab173b3ded55a304a9401cec32f39c04a910d0d53c3b65c985c6b134094	MATCH
crates/paludarium-kernel/src/signals.rs	a7def16b0baee2828e6376db65b6738b6f26b0eba54a7f35885779b3da754fb9	MATCH
crates/paludarium-kernel/src/syscalls.rs	055447464e8cce2bbbdadd487b816316792c4fa09b23b7c5a1b1ebd5e56e789d	MATCH
crates/paludarium-kernel/src/tests.rs	ddbb3a8ca0dda838498644e42490ecd62db5c82d54453a591315f7ba7e2c906b	MATCH
crates/paludarium-kernel/src/u4_tests.rs	bfffe8eb63c46cb52d410d086fbfc861a3d2eeb02bb3aa1b53f700e0b16d4365	MATCH
crates/paludarium-loader/Cargo.toml	9576ce5bb66da218f27105e17269a5a44d80a2579c3a366a169db5d9cd09b1cb	MATCH
crates/paludarium-loader/src/elf.rs	bf5202fee56bb3f339560e312936ae9a58deb8ad9a87d70f2ef945715deb35eb	MATCH
crates/paludarium-loader/src/lib.rs	a426f3f095d6ff6bd53a6c95c77b8d37523cc0523b2e3d2495464a398c87cce8	MATCH
crates/paludarium-loader/src/testing.rs	17071c3b0a155662def62770ad5d338499994e669c968ea8de32b08169a17340	MATCH
crates/paludarium-loader/src/tests.rs	c39db39aaf9737b240abe4abb7d2b768aed3efbe392d1a2c98180848de852e9c	MATCH
crates/paludarium-mmu/Cargo.toml	5d17784c21076933bc6aec70b8bb3e4862da679cc90c700cc7a8fba806ae00c5	MATCH
crates/paludarium-mmu/src/lib.rs	f1f5b8008ed5e133869d8a42e4643c738a996c1018aedd44ad69904a2f9edf00	MATCH
crates/paludarium-mmu/src/tests.rs	cd69af3c787b888fa0a23c030288f06b3f712d332d2eb9ed60c2b74b1d0b1d28	MATCH
crates/paludarium-mmu/src/u4_tests.rs	af5ec8d05fff4c0d23a2afbc635f514849de53f613a68463e151968c4940e06a	MATCH
crates/paludarium-runtime/Cargo.toml	146a375abbdaa2d83f18c72730635f19a83e5c29d5b05f38138107fee0902714	MATCH
crates/paludarium-runtime/src/lib.rs	caf321cbda72b8256c52438a786a5679ad6f7ad4cf400a359fe3c0451670174e	MATCH
crates/paludarium-runtime/src/tests.rs	a2dd3bfde97808662a55b5c2bf05bbf9ec3d2c2edbd2153e41b8411777f47c88	MATCH
crates/paludarium-runtime/src/u4_tests.rs	1ac37fce51d01fdbf7fbe6856da569e29c94f1e406e83fdaa0d15532b01c904e	MATCH
crates/paludarium-types/Cargo.toml	ecd2ab9b66459a5a309d9ff2f185691511d0b32dc8b187893307fe5bfeeae2de	MATCH
crates/paludarium-types/src/lib.rs	12da72a3da46c262b56bf653e3f02e3df3f09776735eba3ea29fddaa347655f1	MATCH
crates/paludarium-vfs/Cargo.toml	6340b2aff60fe0060550730d078a00be3db1e9f5d47393b3c37ab89319240260	MATCH
crates/paludarium-vfs/src/lib.rs	34d4632777503d7e43668a198f02a11c38441bfc1c7f0289893babaf85aa4510	MATCH
crates/paludarium-vfs/src/mount.rs	ef2404281592a4a4ab6e51d3a332c1d9a9636875fd24e8decadfd6081691c598	MATCH
crates/paludarium-vfs/src/open_file.rs	082bd499a81aa48db2cf9d588aa0454f2a43068bf27c2f7fb5a7973d67fc302f	MATCH
crates/paludarium-vfs/src/operations.rs	583a4c736a26b54b531065e779ca86dbc9d976dafe498e792b7d9122b69b9767	MATCH
crates/paludarium-vfs/src/u1_tests.rs	490884b9a092a7c6eda1cf4e29830a139848c105e26c88a0e6baecca2fa37e7d	MATCH
crates/paludarium-vfs/src/u7_tests.rs	bd7110ee4a01af0fcdb479facb2554c061551a1b51ffb0ec4957feaa1ff2e477	MATCH
crates/paludarium/Cargo.toml	50fa1586728384d14c16c274df0ad97e0572c81c94ba4091bc98756a3fa2d468	MATCH
crates/paludarium/src/cli.rs	5bf66265f14796b8087155a84f8fcce0eaa57f75aedb659ee6ff76398d3ebf4b	MATCH
crates/paludarium/src/lib.rs	827d4970c620246477c3d4009c6f9c435a65c3e28e5bf688e37b7dc26f8336de	MATCH
crates/paludarium/src/main.rs	d89ffff6cf35af97475bf535e19b9e9e18fcb1d93aaaa4b2d343f7ad3614cc96	MATCH
crates/paludarium/tests/command.rs	df1298222bfbf21626f436254a4fd808dc974e0372937c117dd9f2b102bbf4de	MATCH
deny.toml	48881b3279292f43cbd1687636bce894185d35f5163c915a2799aff9f4d9b4e6	MATCH
fuzz/Cargo.lock	f72024fa59bf3a1c52ba253beb677f197de6e7ac99134f12ecedb2c1777730ff	MATCH
fuzz/Cargo.toml	ddc4b41f10d46ec220aea9d71b32e6890bc0f01bec6c74f16a9a98ff929b7b5b	MATCH
fuzz/fuzz_targets/cpu_u2.rs	f7386933080c3e78242bb93922c1a58c1fb42430af792a13c41244fd205bd4d3	MATCH
fuzz/fuzz_targets/decode.rs	f4b4ee13e7b92cad1fb6d48be40f2340338a409f85fa7d0e4d624be4ef6dea5d	MATCH
fuzz/fuzz_targets/load_elf.rs	c983fe978af1156131b9bffc2f1e5e2cf655a6be3d886eafc4e7cd1a58a3f359	MATCH
fuzz/fuzz_targets/mmu_ops.rs	b47b75285d760a0e7b04efd79d7ea6a0c737606347e3b5e3754d258a9beed4a8	MATCH
fuzz/fuzz_targets/mmu_u2.rs	2f7334c3a2218e209dc2b95c0d2d8c7619eeb129047142293e6114032f269a5f	MATCH
fuzz/fuzz_targets/syscall_args.rs	0dacb32f4237e2376814024c8aaf91a3921cc0fbfd71d5ecfcad1c91bcafda00	MATCH
fuzz/fuzz_targets/vfs_paths.rs	9e8aafe83401b4f4ab1414f863e199dbb9fab1e57b840409efc35cca5fe74edd	MATCH
fuzz/lsan.supp	0093908d3e9a8788c2936875ae16705a1b7f756f5baa52839f876077847d7e4d	MATCH
rust-toolchain.toml	c0ab4a2681f5d8f2dfb9c85131cf4eb8a3177009fc3fe8372273340ae9189175	MATCH
scripts/aidlc-checkpoint-regression.test.ts	962c8cdf3bfd93f9b3a6fe936d698ee7c748245f36840b4186eb853703c17f38	MATCH
scripts/aidlc-jj-source-regression.test.ts	679ccebc034a3a35bbe67aa7391f9925cc55ecb6877b40cd20eb32dd9b462844	MATCH
scripts/linux-dev.sh	295201875582f0dd6d8108c241bd7c550d76f12570dcf9f2b93bb0647eda8e2f	MATCH
scripts/repair-aidlc-checkpoints.ps1	d988732e5ada824965a7ce495e3cc1e426bcf8bb907444cc9c8bfb64ef0e35ed	MATCH
tests/guests/build.sh	91e7e4af10dd8223bda4a543dc221b018607c819298584d6fd500d439c6da91f	MATCH
tests/guests/hello-c/hello.c	cf962316ff20165dd455db11efe1da85baaf2c669a5e13c8c5562c7e92e44554	MATCH
tests/guests/hello-rs/Cargo.lock	abf0c8a00e194ac6ceb51512c27b85143e5c961daace7e8d7ee63a005b27cd5a	MATCH
tests/guests/hello-rs/Cargo.toml	c015cb2fa3a107229f9ca9c4a8a087edfdd0b7a01d3bb56b06847209ae2c7e48	MATCH
tests/guests/hello-rs/src/main.rs	4645b82e7df19f8a5466112abba5bb6e96828e9f42d068f8b44ce970248056f4	MATCH
tests/guests/insn/UNDEFINED.md	6e7aa22e0e27f24c3878aebda754010d78412ca2a0e52ab2aacf4c601147d4e5	MATCH
tests/guests/insn/alu.c	b7fcb75a1d47ebc78e05a73a440cc3ce21180655429cf417e1b2f2e32fe513f8	MATCH
tests/guests/insn/atomic.c	151e01ffed590aae6b24589f19748df1b3f3ad6a45e888bfb9c2487c9d0a2ded	MATCH
tests/guests/insn/bt.c	1ce6448175462d1cb7ab3ec0cdbfc06de9df606da01fa338bca8860f6e131415	MATCH
tests/guests/insn/cmptest.c	3d47ac8c2b08a1eebc57a4ae6e6a90605be6b450d21dca9276a74ec9ebdb6fc4	MATCH
tests/guests/insn/cond-cmov.c	76341d5a78640df8b01f2f2b0b5e8be0a79f68165feb45d7e4035dbfae16710d	MATCH
tests/guests/insn/cond-jcc.c	a60eb986c5809f1ec38cbdb84fc235d4d76ae944c0f16dd334b787c0e7e6d7df	MATCH
tests/guests/insn/cond-set.c	9597d876b2ae8f07130f9428bf4690a6ea4f9cf700e7e3980709ad43ac8e223b	MATCH
tests/guests/insn/incdec.c	8d77563cfab550af774b9e08477cc54971b1f63ae46d80dd85aa496d4c53e2cc	MATCH
tests/guests/insn/insn.h	d2f14e141a0f0901c14a64e793be4555123be0e27ebd8e919274d011c2ff8b6c	MATCH
tests/guests/insn/mov.c	48cbce3f6c8fb4a26b8a03348861db8fa9af4747084d55c7806b8fbd085e840e	MATCH
tests/guests/insn/muldiv.c	bcfb1b86ace48323df9201ecc5a225aa0720e7007e12fda3bbb73cbb44e836dd	MATCH
tests/guests/insn/shift.c	de48b4a8b323d6432967911e34f677d6c4d0a9ef6da8282148ba4f43ca3c3578	MATCH
tests/guests/insn/sse.c	491c51e83c7c7472a9e5ddba25630989139c6acb9528a0791f55ef9576eafdad	MATCH
tests/guests/insn/string.c	92264a6a57ad7488006fe18c2ab89a53254444c688a098d884a94706036f9278	MATCH
tests/guests/insn/u2-bmi.c	a50acfae855016be292ac3ccd14fd023d346d3737602e996b27df0cc2c2da7fb	MATCH
tests/guests/insn/u2-control.c	253ec41f6bfec5fd91185a781f898840b96860e0dd1552adf6b5463fa5036df2	MATCH
tests/guests/insn/u2-frame.c	a0442993a72cc07b426c9e4993e10361b3c50ba695c8aed248acaa47977aa665	MATCH
tests/guests/insn/u2-integer.c	e25be8058aa9ebff80c245b6abec2e9cb7395bd4f78da89ba102be61a8e649f6	MATCH
tests/guests/insn/u2-pairs.c	136d7420985ededef48e1f2222bc6ca4dd2ec155c49ce39842ab9fbe67aebd5b	MATCH
tests/guests/insn/u2-segment-atomic.c	f71d1cbf5e4a6275473bd8d5d54fdc84358fc475940f39394357028920379546	MATCH
tests/guests/insn/u2-string.c	86169d25895a092656fc0f4c49b83d917d817d2d6660d7f71c1d23d0a8bc80ec	MATCH
tests/guests/u2/build.sh	2eb278301590276d8375db3fa337a92e11bd455c38aa0ac63d39179930f3407f	MATCH
tests/guests/u2/classify.py	b6e9fb9e905d7a343e0ade928c037e5c0816175d69641c793f71b8d40e3f40d7	MATCH
tests/guests/u2/inventory.py	b9cd812d2ebe8a386f379891cb692dec49f909bd0f291ab2c4ede6e7b029a2b6	MATCH
tests/guests/u2/observe.c	afc158e8fbefb58eb632ad74dcd0b1ea471a9fa7bfec7556a5f7bd4031062b2f	MATCH
tests/guests/u2/trace.py	ca666de99e74499d18a2a501d6fc127e616770932a959d7314d767494f7a1f70	MATCH
tests/guests/u4/build.sh	cd5943adf40121aeac684f3785be91ad508335a774d86197078d4c865f78b3e6	MATCH
tests/guests/u4/memory.c	4ff1ef7492c633fa9ce30e1299b9129d3fdb8a8f2599d66be67e62dbf36112f1	MATCH
tests/guests/u4/realtime-order-oracle.c	3e856cadc9f6bcf32e6b21643847e0c8dda2d579b3f514de732eaad46d281a03	MATCH
tests/guests/u4/signals.c	5f5e8b41fe175f5200be39c04207a8c65f42434a9133af8bf252ff64f28470de	MATCH
tests/guests/u4/stop-continue-oracle.c	32b3e448283cc890effdf11e9e34a46c323e1eccc7e9e94d38ada19e29392cbd	MATCH
tests/guests/u4/time.c	b00729ca575f0085ca9192b5434ec6b389eecdb7e44f16c4ad6ada30f9f129e2	MATCH
tests/guests/u4/write-restart-oracle.c	57e167a45c9f092765bd18cc11a15bd2936c004b6ee3044dbdfaf1fd51cc7e0c	MATCH
tests/guests/u7/build.sh	da4bbaf56b52ec8d133874f829efe05f84b57ef936f38f59eb769e40de04e215	MATCH
tests/guests/u7/files.c	09ec1eccef840dc75a1f1337df8df81c7636d8c68c4efb53a5ce71dca815a71c	MATCH
