manifest	75672f7955bda672375a3b72c0e4107966c08253d003e1638fc4f4b06f291073	-
	.github/workflows/nightly.yml	100644	2dc922a8b39d6ff1e939fba1b1da22a629f0b57e4073bea07836328c7390f0a1
	Cargo.lock	100644	553b2b8d7670426ed73c51f1d756b93a6a8b26bc427de87afa01a15f60264b27
	crates/paludarium-harness/tests/diff_u7.rs	100644	3b8783794f73d9b309d4e117a6bfd1fcfa7c121574fb56bf608ff6b745ef1f79
	crates/paludarium-harness/tests/support/u7.rs	100644	2c8649053567157bff3d45a8297a10843a5cb0de7fc879c11142f7b90ec8fc03
	crates/paludarium-host/Cargo.toml	100644	2459a5663be649f1802d4293317a78d37df8488c0acdb1bddf3b23a0ad9ce561
	crates/paludarium-host/src/fs.rs	100644	39d4cafe4d21516df8a24675dbf94c99393fee8698edc3fd6306503d23a82248
	crates/paludarium-host/src/lib.rs	100644	45d7dad314514398e3882c937330ccab12e8faab1f64f718697432a12c069a65
	crates/paludarium-host/src/native_fs.rs	100644	68b37ea6eaba566ff6adcd43419cf0e2472dc4f8e1658a37af98bb73ee1ba2ea
	crates/paludarium-kernel/Cargo.toml	100644	2043d557bb99dcf6df734e0c81695a67d693fdbfdaf68fa234a6fc32f2cd969e
	crates/paludarium-kernel/src/files.rs	100644	ecf08880abdac0c367dc9f62807a24a3e2aad1a81631f6d5bc99a1f7012a1e5d
	crates/paludarium-kernel/src/lib.rs	100644	e99efab173b3ded55a304a9401cec32f39c04a910d0d53c3b65c985c6b134094
	crates/paludarium-kernel/src/syscalls.rs	100644	055447464e8cce2bbbdadd487b816316792c4fa09b23b7c5a1b1ebd5e56e789d
	crates/paludarium-kernel/src/tests.rs	100644	ddbb3a8ca0dda838498644e42490ecd62db5c82d54453a591315f7ba7e2c906b
	crates/paludarium-mmu/src/lib.rs	100644	f1f5b8008ed5e133869d8a42e4643c738a996c1018aedd44ad69904a2f9edf00
	crates/paludarium-runtime/src/lib.rs	100644	caf321cbda72b8256c52438a786a5679ad6f7ad4cf400a359fe3c0451670174e
	crates/paludarium-runtime/src/tests.rs	100644	1e06631af89743c5408b0fb1da9f2d3d14c5cac0259fca52b2e66aeb5508b5db
	crates/paludarium-vfs/Cargo.toml	100644	6340b2aff60fe0060550730d078a00be3db1e9f5d47393b3c37ab89319240260
	crates/paludarium-vfs/src/lib.rs	100644	34d4632777503d7e43668a198f02a11c38441bfc1c7f0289893babaf85aa4510
	crates/paludarium-vfs/src/mount.rs	100644	858832d8203ae404271643dbd1f1baecbd2b09865f458bedff78e4a1732fb37a
	crates/paludarium-vfs/src/open_file.rs	100644	082bd499a81aa48db2cf9d588aa0454f2a43068bf27c2f7fb5a7973d67fc302f
	crates/paludarium-vfs/src/operations.rs	100644	583a4c736a26b54b531065e779ca86dbc9d976dafe498e792b7d9122b69b9767
	crates/paludarium-vfs/src/u1_tests.rs	100644	490884b9a092a7c6eda1cf4e29830a139848c105e26c88a0e6baecca2fa37e7d
	crates/paludarium-vfs/src/u7_tests.rs	100644	bd7110ee4a01af0fcdb479facb2554c061551a1b51ffb0ec4957feaa1ff2e477
	crates/paludarium/src/cli.rs	100644	5bf66265f14796b8087155a84f8fcce0eaa57f75aedb659ee6ff76398d3ebf4b
	crates/paludarium/tests/command.rs	100644	df1298222bfbf21626f436254a4fd808dc974e0372937c117dd9f2b102bbf4de
	docs/u7/inventory/clippy-first.txt	100644	e38dd206814a156825d03bf9318d58d21da2467fc01ba291e192445cd7b78b42
	docs/u7/inventory/clippy-second.txt	100644	d444f46833e31a599c59c2bcb73dcc3a96d9e60aac34af48698508116dee32f1
	docs/u7/inventory/coverage-final.txt	100644	4fbc267e3d1db29236902d2de308abc253c6033ff76cfaefe343bc487ada6071
	docs/u7/inventory/coverage-first.txt	100644	2cde1d91949e8bb536f7c177ea2ccdeb3a19fc73efa17c299ad9821c38ded292
	docs/u7/inventory/coverage-fourth.txt	100644	0300a051e9ef8386238861b541eb49e1b6f7d8dbb61d308c876868c1bf949b6d
	docs/u7/inventory/coverage-second.txt	100644	69b7859976eee14a1d0a9f67bd86264f160f8116a579d227bf237551f7f674d9
	docs/u7/inventory/coverage-third.txt	100644	69b4ece8263739a3c0bedd328d1733de4a8f6e50ed8b3dc725949a22d0347d31
	docs/u7/inventory/deny-final-locked.txt	100644	c94be004510883886ad87b285867666ec78ead7fcd75c39e6ebb167aa0ec3583
	docs/u7/inventory/deny-final.txt	100644	c94be004510883886ad87b285867666ec78ead7fcd75c39e6ebb167aa0ec3583
	docs/u7/inventory/deny-tool-install.txt	100644	1b0e7eaa3e2988d574de251358e7056997623b1afbe7542b83a0634c15aa2b40
	docs/u7/inventory/dependency-licenses.txt	100644	f6994cc8580e83a15dec4061452b63b48746e113d26d24e463759401408e2c05
	docs/u7/inventory/dependency-lock.txt	100644	bd6d6d9aec24dc99ca98db7fbc8f8c5530938a7bebe88bd98fe1419c97dcee36
	docs/u7/inventory/dependency-metadata-workspace.json	100644	77dd1312fb250d1b57fded2da098ec4edceb87c6b08eb89240b8659aed99288e
	docs/u7/inventory/diff-edge-green.txt	100644	50af5ada95a6a1be7c85898854acf3339a599d88d0e40750aa1a137a5fc56c54
	docs/u7/inventory/diff-edge-rebuild-green.txt	100644	2f5058c267ae2475303e79c233c2a65a0b7d19224a5dbfa6428c215512c6b450
	docs/u7/inventory/diff-edge-red.txt	100644	516406bdc50b98755a4bb1a1f8b7b60f510a1b86f79b1c1275736ec7d2837ce5
	docs/u7/inventory/diff-edge-semantic-green.txt	100644	b8b764b7032af45f8ad49b5a07f888b0cdaeceb8f5eb03ec82374a4e93a1e08f
	docs/u7/inventory/diff-edge-semantic-red.txt	100644	0a024dce0ecac8377575931e884d45d946b09294f7efc70f68e86008c0129214
	docs/u7/inventory/diff-fd-green.txt	100644	32cfbbec7edc69937bd8d88a0023c7e3b299275a27728ad28a1f303336a659d1
	docs/u7/inventory/diff-fd-red.txt	100644	4ab69eb583018be9b8106ac87de9f5507c11d33db6e60eedce6a01e702810f9b
	docs/u7/inventory/diff-first-green.txt	100644	f5efd1ca5cba8699593497b2e1f04ed3b12373ef95bdec53d1a25d28a07dd815
	docs/u7/inventory/diff-host-green.txt	100644	ca0d842c40742cfd551f3fd2814d808cae20a479aca64de86e215987a69fb2e6
	docs/u7/inventory/diff-host-red.txt	100644	e930a8e44114f2bf96a9aa9f702f5a040f65d0f2f31ecbbaa3772decad096510
	docs/u7/inventory/diff-red.txt	100644	bc84990d06df134bc477bcb395bf328aeda3efe2031e4e2dc1e494be11cdbc30
	docs/u7/inventory/diff-second-green.txt	100644	bc3dfd199dc9fcc42c8d77511b158a84a5911c0627f6470a48530d362d36b42f
	docs/u7/inventory/diff-third-green.txt	100644	c0917d5c914c003c70a6ac1b2f48bca689321375a18eb96ea515358e337a3ee7
	docs/u7/inventory/diff-trailing-red.txt	100644	b995e8b63696fa7984211d966a0b47826a53cb3a4c7a62f472a10faa42876dbe
	docs/u7/inventory/diff-trailing-semantic-red.txt	100644	53197ec68bf17f49683c06372ebff68411108c55ddfdd91c23d98bcbe9a5771e
	docs/u7/inventory/format-apply.txt	100644	e3b0c44298fc1c149afbf4c8996fb92427ae41e4649b934ca495991b7852b855
	docs/u7/inventory/fuzz-syscall-final.txt	100644	d71dbe5476b043a964f8f2f90993577bef5cc00acb739a67034afc72ab016be1
	docs/u7/inventory/fuzz-vfs-final-retry.txt	100644	03930428a8490968381de238814b452e5c485e2ed711e706dc26f3e00abbfdd5
	docs/u7/inventory/fuzz-vfs-final.txt	100644	bb2b5fb118abd600b4177a132c71e84ba594016d1a417a75b7e7cd55763eebd5
	docs/u7/inventory/holding-source-manifest.json	100644	520f96c03271857b6bc033473c5e93708d9a883e34ebe56fc23424d9c3ec7ae4
	docs/u7/inventory/host-first.txt	100644	69377aa3847f57a5a7fda6413f889f1fb3d9f1de59a0f4e04ac48518e647812b
	docs/u7/inventory/host-flags-check.txt	100644	3b5b6fd704ea7e93806c9ab8112b453a3d47ff6410823ff1f33923c24c829674
	docs/u7/inventory/host-race.txt	100644	6aba510654b7b731bb1123a695e4ec5a395927d23d0d9fca400e048f062e92fe
	docs/u7/inventory/host-second.txt	100644	f0fae8d83dc440865f0cf8e58bf68ab963ed299a15aaa541aa5fcee8290b80e0
	docs/u7/inventory/host-tests-first.txt	100644	8e54b484b86478acc2e0cd7a61cdd8bd8d8c37d6b0dabff82f0eb99fcea795e4
	docs/u7/inventory/mount-namespace.txt	100644	547ab35d5888cf4bcc27e19eaec7e4c7d0ac97bf647f1bfb81c78328512fc7a7
	docs/u7/inventory/owned-full-first.txt	100644	d8229c3c3b25ea637d6dd9940dc1d242f87b859f3f39a9cb28c61a2beb7a2229
	docs/u7/inventory/owned-full-second.txt	100644	ecf43cac5482612f0e23500ca70cb64694dd3640ba5f414211bad0d4527bbfed
	docs/u7/inventory/repair-after.txt	100644	91e1de2b33cdd7a902e1b421031135b3048b217d1d005c87b09b072e584b8833
	docs/u7/inventory/repair-before.txt	100644	5dfe60722d837206ca0da56ccecca9edd5f5cc0c37b6a04660de1e191c5805e7
	docs/u7/inventory/repair-clippy.txt	100644	44b977a95af8395d1895d4516b2c915c3672f73a2dcc0ccb7a2978b542e418e5
	docs/u7/inventory/repair-notes.md	100644	4ada0ed8764f504373e5ad9ecde687a26946c36198d4a3c86474f4fcf9b63826
	docs/u7/inventory/repair-workspace-verification-retry.json	100644	492cb5b67eb12dd44d7c944453ec07f447bb5b57ac5b9b80d4006480ffe79172
	docs/u7/inventory/repair-workspace-verification.json	100644	ccc96f90e5dda4e908e0706ce9f68dad013bd0f79764f0f3eb4ade168c7b09d4
	docs/u7/inventory/runner-baseline.txt	100644	a88bc115d404391e9952489e0249c3d81f7aa1789b6e75964daf3cb71b568319
	docs/u7/inventory/source-bytes-final.json	100644	7e3ae4e9a9217802d6f813312ee31fdb9ae532cdbec52f20fd896642a1474127
	docs/u7/inventory/unit-first.txt	100644	d0cd1bd73c8e05e11a5969cbc2752681aee55a0f61b80a2fdece0cf953356dfc
	docs/u7/inventory/unit-second.txt	100644	d5fb63d4750b62301690b672221e6f345b3ede65bceefe9ca76e7c4fccba9fc9
	docs/u7/inventory/vfs-first.txt	100644	973f8bd241653f582df2898e4ac7469636fd9b4260556dce320cc124d511abc8
	docs/u7/inventory/vfs-second.txt	100644	5322368b5f36c4ece690ef0865112ca46f4fe1441f335b28d7e65c0be8b9dea6
	docs/u7/inventory/vfs-third.txt	100644	02009575baf5c7ebb5a90cfabadc180f27f04f2e91ffaed7fabe96263ded370b
	docs/u7/native-comparison.md	100644	4af03b862a4109951b369292f423a87c23a2d1fac2608e564526d37447f56329
	docs/u7/usage.md	100644	b79a953b269654ff8c16166a1f40a3ab18ba648e0d2b362c868114cb7e344b1a
	docs/u7/verification.md	100644	4f766ca08e4e6d3bb1ab9a673e75c54e22c3686cd1e307287f1591153b8ffbb3
	fuzz/Cargo.lock	100644	f72024fa59bf3a1c52ba253beb677f197de6e7ac99134f12ecedb2c1777730ff
	fuzz/Cargo.toml	100644	ddc4b41f10d46ec220aea9d71b32e6890bc0f01bec6c74f16a9a98ff929b7b5b
	fuzz/fuzz_targets/syscall_args.rs	100644	0dacb32f4237e2376814024c8aaf91a3921cc0fbfd71d5ecfcad1c91bcafda00
	fuzz/fuzz_targets/vfs_paths.rs	100644	9e8aafe83401b4f4ab1414f863e199dbb9fab1e57b840409efc35cca5fe74edd
	tests/guests/u7/build.sh	100644	cb9d2cd7697ad8870318ccc43950214cc9dc957856d90436331fa6b01a0c27b1
	tests/guests/u7/files.c	100644	09ec1eccef840dc75a1f1337df8df81c7636d8c68c4efb53a5ce71dca815a71c
