manifest	ed834d3cbc3ab8ae1699918a31b9e1c7f48690de2c704d477ac5ee0c502c0ca9	-
	.github/workflows/ci.yml	100644	f957ce7c428c9cade38cac80831191bb4f65cdb0c593489f14b4890d3071edb9
	.github/workflows/nightly.yml	100644	c774f754d2557cd2c97646d50b53262a46e16e245e34c85f29261b257aab2f99
	Cargo.lock	100644	4cfdcc2b2c4a47789e4ee5dfb61d46b529193b3494a92de416e783f98ef2e7c4
	crates/paludarium-cpu/src/lib.rs	100644	a61ae4f972dcbfa450c90b41cb26b0e43a125bea06515424b5212e8c5349c035
	crates/paludarium-cpu/src/u2_tests.rs	100644	96e1310b7dce52731d8343fafeda1b44d65bf16c05ea09c705eaf72749fed7f1
	crates/paludarium-cpu/src/u4_tests.rs	100644	3b69cb669f0d5c868a1404279e91a43080377d4ea45e0da29f9e54c09909a741
	crates/paludarium-harness/Cargo.toml	100644	5fe447eb1e2161ecdc2824ec70b86214c8dd1a020f28a3b0a744ee2d4a095d4c
	crates/paludarium-harness/tests/diff_u2.rs	100644	d3961cff85644a9a65b8730210ea475eb319f0ab2c1ee1021161308a8a031c8a
	crates/paludarium-harness/tests/diff_u4.rs	100644	8e5f5561e83af9d8e48f8265666dfb46f3e2ae3487b067d549a167df473dc732
	crates/paludarium-harness/tests/support/u4.rs	100644	a5e9eb362d821179aa936dadd42181e24f5ffbf55b0fc3de8490de347d8c1e29
	crates/paludarium-harness/tests/support/u4_oracles.rs	100644	0f7eab3109c0ac84c9c9b9836d7df50448e39e875ff89e157cbf386e23c3cb3e
	crates/paludarium-host/src/clock.rs	100644	6b2e53c9938c413b0722fe39e820f975fcaed39f27d3530bcbd17d278a58650d
	crates/paludarium-host/src/lib.rs	100644	28473f68fdc1bd2ae52c32d376cf543291b1f96fc356b3a4bb446a82fe4538af
	crates/paludarium-host/src/testing.rs	100644	bf4c1070069a972f831c595d7abfa1fda61d08d27353f8f37903e9fe5e128513
	crates/paludarium-host/src/u4_tests.rs	100644	94e3f37729fd902440eb728d1c4b1b479a051296bf0b6cddd9df17c13fafb0d3
	crates/paludarium-kernel/src/inbox.rs	100644	1056c93c4f0095ab5c6a39545704760b10eee60ab13da68b81b48da215340d5f
	crates/paludarium-kernel/src/lib.rs	100644	b200f824fbdb773abb5b3b38848edf7ecb4fb3221d0c6be71bf42c2f3bfee336
	crates/paludarium-kernel/src/signals.rs	100644	4787fce9b0130da264be6171e1ac9ac908b9ecad89583cd826097126ff3e1caa
	crates/paludarium-kernel/src/syscalls.rs	100644	0bf808440a4e24a5829a75be9ed5015671fcc89c6f8581ad8bc85c21acbcc180
	crates/paludarium-kernel/src/tests.rs	100644	7af9dc59ce28de77cddfb1dc2b9f81499b9181c9135a877f9800be406c007f5f
	crates/paludarium-kernel/src/u4_tests.rs	100644	c03876a2a04d3e22a71a92ac000d9b990f8cb17f4e73afd4090146959bceb2b1
	crates/paludarium-mmu/src/lib.rs	100644	4e91ab43379953290b100b05b310396e9784be885225c38dd34ebbc87077de39
	crates/paludarium-mmu/src/tests.rs	100644	cd69af3c787b888fa0a23c030288f06b3f712d332d2eb9ed60c2b74b1d0b1d28
	crates/paludarium-mmu/src/u4_tests.rs	100644	af5ec8d05fff4c0d23a2afbc635f514849de53f613a68463e151968c4940e06a
	crates/paludarium-runtime/src/lib.rs	100644	96ce3db613419f4a3b85da6022eb46e43da81f78dc4cd89614d24cb2762f7536
	crates/paludarium-runtime/src/tests.rs	100644	b6657025adb633fa6e10da0180fb9dd032aed765b2aa59ddd26482351f49eaf5
	crates/paludarium-runtime/src/u4_tests.rs	100644	1ac37fce51d01fdbf7fbe6856da569e29c94f1e406e83fdaa0d15532b01c904e
	crates/paludarium-types/src/lib.rs	100644	12da72a3da46c262b56bf653e3f02e3df3f09776735eba3ea29fddaa347655f1
	docs/u4/inventory/aube-static-syscalls.txt	100644	f6ac0338e4d6128b05c5ac76e9bdfafebc8bf195fee6bd09351a7dc0204c9cab
	docs/u4/inventory/aube-version-native-trace.txt	100644	ac8bc6fe76dfc5b64bacc3d4556120fd59d395bc3ac5054de1abab6b5fcd5ded
	docs/u4/inventory/aube-version.stderr.txt	100644	e3b0c44298fc1c149afbf4c8996fb92427ae41e4649b934ca495991b7852b855
	docs/u4/inventory/aube-version.stdout.txt	100644	77574bc4e807c2d15e3df8325d334235c03043f91f318867770184db50b7242f
	docs/u4/inventory/cargo-deny-final.txt	100644	aa2657b0ad2d2059d4692c2c2784aaa2894f31bbaa26f532ffd3855f5625cd84
	docs/u4/inventory/cargo-deny-readonly-failure.txt	100644	35d5b194d0549422a8ea0dcaa13a682c7d802dcf63b071783766fe0035862dea
	docs/u4/inventory/clippy-attempt3.txt	100644	eba0991cd47bd1e03d22db79e361d94d1b3f5dddcca42aae7cf23f6ba1160822
	docs/u4/inventory/clippy-final.txt	100644	93ebe993d165e4c029d5d58872ef3bd293740900bd0face0582517dba4268705
	docs/u4/inventory/clippy-green.txt	100644	2f2e0fa7fb066af17fbfb790458e0c4a9ba9e44f23bc1eb656ea39b903a247d8
	docs/u4/inventory/coverage-final.txt	100644	4c12d7c897a395828978e53f17ed538f91a690977e4a8855b794ddf070135213
	docs/u4/inventory/coverage-quota-final.txt	100644	96bf067957de48d651a92689b43f9f5d936704968113d0858ab9ea410c657116
	docs/u4/inventory/coverage-stop-final.txt	100644	8787c7324bfcba790b9e7a130ef4a5ec73a5afd79c50f9f093ac639af7e0e291
	docs/u4/inventory/diff-u4-green-expanded.txt	100644	12c05ce0f2cf57ff95a889324b4ebe70dcfe34a877732c38e5939e19b8e67bc9
	docs/u4/inventory/execute-fault-red.txt	100644	6ae29f9f036f73045992003cbbae5f9c719e2252c2373437706ae8a8ab8c530d
	docs/u4/inventory/fault-metadata-green.txt	100644	d026a0ece436f832e68e75f0797bcd68c3156d8919541490e1ec533ab280d87b
	docs/u4/inventory/fmt-final.txt	100644	e3b0c44298fc1c149afbf4c8996fb92427ae41e4649b934ca495991b7852b855
	docs/u4/inventory/fp-alignment-green.txt	100644	55004163b8c16cfef9186f575a85665e5efc6bede4f5892bbbf398188fd47982
	docs/u4/inventory/fp-alignment-red.txt	100644	66612e3c7053c61a8b6a9edddf4f78b37c493e8097c0e80d7eb0ae3c6bb9670f
	docs/u4/inventory/fuzz-mmu-final.txt	100644	972b25fb63660c052531a3a188f51e5da9e357b7adc75c80019a196fded7c94f
	docs/u4/inventory/fuzz-syscall-final.txt	100644	97abb16bf3db8b27cb29694e416ee752b728ace30aea479c4123f8f4cb11a948
	docs/u4/inventory/huge-sleep-red.txt	100644	ae59848ab0bb59ec4e3cb9a86303b46ffb0b437e5dff3ac2967a9dee70411d0c
	docs/u4/inventory/internal-memory-time.txt	100644	bd0ba59d117bea32ac3d32a46acfb5fb86dc7a00d3478574dbca03ecf5ff904b
	docs/u4/inventory/internal-u4-final.txt	100644	b853ca6ccf9c304eb533c60613b0cd00015351645f96cb54f6110eb6269ce972
	docs/u4/inventory/memory-green-final.txt	100644	bbddbc7167d196f75eae4723cd03a2bc903994c868c360f58c4459a69a567d10
	docs/u4/inventory/memory-green-recovery.txt	100644	c6c3837651dad746a35746c22f3b82bfb2ebdb3883357447073f0fa6a6144d40
	docs/u4/inventory/memory-green.txt	100644	6d13791a0a4e72e6d3e78625448bf98617da310586fd74ba86f6bd04459785a5
	docs/u4/inventory/memory-red.txt	100644	518ebda8f5400d4161c18e2db9d51d84796c9d6d3b343f0afbac09a43fc89e32
	docs/u4/inventory/none-fault-red.txt	100644	83cf6017576ece91f1e90df0fb51779579cce9ff1cdc176c68a723ccf3b4e2d5
	docs/u4/inventory/offset-red.txt	100644	b69cdd54f02fc0d722fbba8bf89184c0026b4844ff63e813140e84d8da7af952
	docs/u4/inventory/oracles-differential.txt	100644	bd91e7ddcb5dbe71ef4bd8dc74b0859877dd9af79e5c40227bcbb0d383f4d638
	docs/u4/inventory/partial-protect-red.txt	100644	66c38173ec3729c9d657a8384ef8d924a15a53b1d6676a45368c5e3335d62fe4
	docs/u4/inventory/probe-native-trace.txt	100644	e1071039bf2f13fbb0f93621638d56b2b13a8c3b5e421dc211b00752b304d24d
	docs/u4/inventory/probe-native.stderr.txt	100644	e3b0c44298fc1c149afbf4c8996fb92427ae41e4649b934ca495991b7852b855
	docs/u4/inventory/probe-native.stdout.txt	100644	c5d4d65ff0dc785e095260ea9d8a8fb6b43ee582f5592064c996141c52ca8a2b
	docs/u4/inventory/probe-static-syscalls.txt	100644	26b5b56baa64afb943978b6c4f3928c08ce601e06db1b130741e7a87be534c61
	docs/u4/inventory/quality-oracles-final.txt	100644	b37a7a8137921330962069c28f39cef20b803a2f60c73e976c774e134d99ed94
	docs/u4/inventory/quality-stop-final.txt	100644	5d63a9411ccbd15e74fab0a13b4c26e11cfc3c1e14ca726379119fbd317829cd
	docs/u4/inventory/quality-stop-green.txt	100644	825d4559092f99c752965ae395626e88bea18871f121f1f8f2a965db94566581
	docs/u4/inventory/quota-kill-scoped-green.txt	100644	eb8d25f238aa86708d49cab09fecb57576bf933fa130fb52a4bba87550931f58
	docs/u4/inventory/relocated-red.txt	100644	74cd4e85ac4b807101dcc035cb632704e9cebbef2f705411dcec9c638bf2c660
	docs/u4/inventory/signal-green-first.txt	100644	a1eea11a8a06a35ae26b2ba32e954074db698a237e25509f21767fd5eb22c4af
	docs/u4/inventory/signal-red.txt	100644	23fc8538f594f4d86d1c7c830c330f40330df1840a922024bb5909cebb48ef5d
	docs/u4/inventory/stop-backlog-continue-red.txt	100644	09f3849dc147b67a1edc88f15b2d771a08c1ecae71938ac2b616cea0ac730066
	docs/u4/inventory/stop-backlog-native-before-fix.txt	100644	f4279f94bef2aa27cd908eb97f77e24c54c23859686438c555a851c7de90839d
	docs/u4/inventory/stop-continue-native.txt	100644	aa6dc80a974f6410347c9b3a17dbcc1a21a2f4daf081fc5f3b28eb9e8756cb66
	docs/u4/inventory/stop-internal-green.txt	100644	6b9392bac4c78231a2a7368f3bcef64172636dd02345b5058fc743f160f9656b
	docs/u4/inventory/time-green.txt	100644	26c4c9434ae43356d5bc533af8375d55a135119547798d3547a72e57063a3b83
	docs/u4/inventory/time-red.txt	100644	d8ea1522308680ae453cd5157d7fe4e5d850d9bbfdbb92437c589c543ea585a7
	docs/u4/inventory/timer-green.txt	100644	8d05758f3cc23b04e197c1afe1e5ee4564a0682b229dc2cebafe2026ec298920
	docs/u4/inventory/timer-red.txt	100644	1744d8746a8d3d6d605c85e9306e0217b053959d4e57209e8794c1f8b4968bf0
	docs/u4/inventory/upstream-build-receipt.json	100644	4229799ebb12f7fd9b3fbaeee8ef710978e4836e3e486899d0fac0f14a193d7a
	docs/u4/inventory/virgin-readonly-green.txt	100644	c0f541d6190e7437e42b086cbc151277485fad2986e838a81b384004a7fe450d
	docs/u4/inventory/virgin-readonly-red.txt	100644	ebd6b67d50d1137e5482d87ae41d58ebbe4cd1729967e3fb9193d9394cc14a0c
	docs/u4/signal-abi.md	100644	1fd48c1104f767eaf3f34c7de0b73277baaa22033c92305d29f32c25bb6b9a0c
	docs/u4/syscall-matrix.md	100644	6d02fec15f8f1d5187a4b660144e0ed18c9c8bd8516e1a4f52add75526d30832
	docs/u4/validation.md	100644	3019126cca718f617803e40e5d6102a2e4117c3d4dddcfdc62bd553a5f3c8d2d
	fuzz/fuzz_targets/mmu_ops.rs	100644	b47b75285d760a0e7b04efd79d7ea6a0c737606347e3b5e3754d258a9beed4a8
	fuzz/fuzz_targets/syscall_args.rs	100644	afdf6f4c7bb7aa5bdf08e2d5a330c8d0bd5f8bacce1c5c4c0d60f156a7fc06da
	tests/guests/u4/build.sh	100644	a5e447b6f188d30c60b81cd8649b9a55732f3d52d44ca38115269887ee0efaf5
	tests/guests/u4/memory.c	100644	4ff1ef7492c633fa9ce30e1299b9129d3fdb8a8f2599d66be67e62dbf36112f1
	tests/guests/u4/signals.c	100644	5f5e8b41fe175f5200be39c04207a8c65f42434a9133af8bf252ff64f28470de
	tests/guests/u4/stop-continue-oracle.c	100644	32b3e448283cc890effdf11e9e34a46c323e1eccc7e9e94d38ada19e29392cbd
	tests/guests/u4/time.c	100644	b00729ca575f0085ca9192b5434ec6b389eecdb7e44f16c4ad6ada30f9f129e2
	tests/guests/u4/write-restart-oracle.c	100644	57e167a45c9f092765bd18cc11a15bd2936c004b6ee3044dbdfaf1fd51cc7e0c
