manifest	842534ed17f52424a920b8f63948c6972b1c810d5424a62a9f05c0ef2fe4a446	-
	.github/workflows/ci.yml	100644	cfcae2d565698425b6f816f204a797d4aefdeae2d3777b857f027a92bf5cffe6
	.github/workflows/nightly.yml	100644	2dc922a8b39d6ff1e939fba1b1da22a629f0b57e4073bea07836328c7390f0a1
	Cargo.lock	100644	553b2b8d7670426ed73c51f1d756b93a6a8b26bc427de87afa01a15f60264b27
	crates/paludarium-cpu/src/lib.rs	100644	a8d125e9d8e4e2de4585d7398497a361b5491de3cc46cee25584b8fe34f0144d
	crates/paludarium-cpu/src/u2_tests.rs	100644	dc80918a12a451e743f9bb0eabd8120fb4849019db698faa6a70494607d67827
	crates/paludarium-cpu/src/u4_tests.rs	100644	3b69cb669f0d5c868a1404279e91a43080377d4ea45e0da29f9e54c09909a741
	crates/paludarium-harness/Cargo.toml	100644	5fe447eb1e2161ecdc2824ec70b86214c8dd1a020f28a3b0a744ee2d4a095d4c
	crates/paludarium-harness/tests/diff_u2.rs	100644	b8e2bbbc0b755fad7b673395a9b3b11927b6c70547ee10a138bcacdeef488d78
	crates/paludarium-harness/tests/diff_u4.rs	100644	8e5f5561e83af9d8e48f8265666dfb46f3e2ae3487b067d549a167df473dc732
	crates/paludarium-harness/tests/support/u4.rs	100644	a5e9eb362d821179aa936dadd42181e24f5ffbf55b0fc3de8490de347d8c1e29
	crates/paludarium-harness/tests/support/u4_oracles.rs	100644	97b15b5eb75a6c7c78226cb7a3791e9aae4ac09ff6106c37f78e04f210b40474
	crates/paludarium-host/src/clock.rs	100644	6b2e53c9938c413b0722fe39e820f975fcaed39f27d3530bcbd17d278a58650d
	crates/paludarium-host/src/lib.rs	100644	dc9bd9188aaba4c1cc6947d6a0cc677b436991cce569514e0e0579bc3ed5f3f8
	crates/paludarium-host/src/testing.rs	100644	bf4c1070069a972f831c595d7abfa1fda61d08d27353f8f37903e9fe5e128513
	crates/paludarium-host/src/u4_tests.rs	100644	94e3f37729fd902440eb728d1c4b1b479a051296bf0b6cddd9df17c13fafb0d3
	crates/paludarium-kernel/src/inbox.rs	100644	1056c93c4f0095ab5c6a39545704760b10eee60ab13da68b81b48da215340d5f
	crates/paludarium-kernel/src/lib.rs	100644	e99efab173b3ded55a304a9401cec32f39c04a910d0d53c3b65c985c6b134094
	crates/paludarium-kernel/src/signals.rs	100644	a7def16b0baee2828e6376db65b6738b6f26b0eba54a7f35885779b3da754fb9
	crates/paludarium-kernel/src/syscalls.rs	100644	055447464e8cce2bbbdadd487b816316792c4fa09b23b7c5a1b1ebd5e56e789d
	crates/paludarium-kernel/src/tests.rs	100644	ddbb3a8ca0dda838498644e42490ecd62db5c82d54453a591315f7ba7e2c906b
	crates/paludarium-kernel/src/u4_tests.rs	100644	bfffe8eb63c46cb52d410d086fbfc861a3d2eeb02bb3aa1b53f700e0b16d4365
	crates/paludarium-mmu/src/lib.rs	100644	f1f5b8008ed5e133869d8a42e4643c738a996c1018aedd44ad69904a2f9edf00
	crates/paludarium-mmu/src/tests.rs	100644	cd69af3c787b888fa0a23c030288f06b3f712d332d2eb9ed60c2b74b1d0b1d28
	crates/paludarium-mmu/src/u4_tests.rs	100644	af5ec8d05fff4c0d23a2afbc635f514849de53f613a68463e151968c4940e06a
	crates/paludarium-runtime/src/lib.rs	100644	caf321cbda72b8256c52438a786a5679ad6f7ad4cf400a359fe3c0451670174e
	crates/paludarium-runtime/src/tests.rs	100644	a2dd3bfde97808662a55b5c2bf05bbf9ec3d2c2edbd2153e41b8411777f47c88
	crates/paludarium-runtime/src/u4_tests.rs	100644	1ac37fce51d01fdbf7fbe6856da569e29c94f1e406e83fdaa0d15532b01c904e
	crates/paludarium-types/src/lib.rs	100644	12da72a3da46c262b56bf653e3f02e3df3f09776735eba3ea29fddaa347655f1
	docs/u4/inventory/aube-static-syscalls.txt	100644	f6ac0338e4d6128b05c5ac76e9bdfafebc8bf195fee6bd09351a7dc0204c9cab
	docs/u4/inventory/aube-version-native-trace.txt	100644	ac8bc6fe76dfc5b64bacc3d4556120fd59d395bc3ac5054de1abab6b5fcd5ded
	docs/u4/inventory/aube-version.stderr.txt	100644	e3b0c44298fc1c149afbf4c8996fb92427ae41e4649b934ca495991b7852b855
	docs/u4/inventory/aube-version.stdout.txt	100644	77574bc4e807c2d15e3df8325d334235c03043f91f318867770184db50b7242f
	docs/u4/inventory/cargo-deny-final.txt	100644	aa2657b0ad2d2059d4692c2c2784aaa2894f31bbaa26f532ffd3855f5625cd84
	docs/u4/inventory/cargo-deny-readonly-failure.txt	100644	35d5b194d0549422a8ea0dcaa13a682c7d802dcf63b071783766fe0035862dea
	docs/u4/inventory/clippy-attempt3.txt	100644	eba0991cd47bd1e03d22db79e361d94d1b3f5dddcca42aae7cf23f6ba1160822
	docs/u4/inventory/clippy-final.txt	100644	93ebe993d165e4c029d5d58872ef3bd293740900bd0face0582517dba4268705
	docs/u4/inventory/clippy-green.txt	100644	2f2e0fa7fb066af17fbfb790458e0c4a9ba9e44f23bc1eb656ea39b903a247d8
	docs/u4/inventory/coverage-final.txt	100644	4c12d7c897a395828978e53f17ed538f91a690977e4a8855b794ddf070135213
	docs/u4/inventory/coverage-provenance-final.txt	100644	d34bcea1ccc21bb3da46f451373b94ffa4b777fd2fea63fe415610024e09f6ce
	docs/u4/inventory/coverage-quota-final.txt	100644	96bf067957de48d651a92689b43f9f5d936704968113d0858ab9ea410c657116
	docs/u4/inventory/coverage-stop-final.txt	100644	8787c7324bfcba790b9e7a130ef4a5ec73a5afd79c50f9f093ac639af7e0e291
	docs/u4/inventory/diff-u4-green-expanded.txt	100644	12c05ce0f2cf57ff95a889324b4ebe70dcfe34a877732c38e5939e19b8e67bc9
	docs/u4/inventory/execute-fault-red.txt	100644	6ae29f9f036f73045992003cbbae5f9c719e2252c2373437706ae8a8ab8c530d
	docs/u4/inventory/fault-metadata-green.txt	100644	d026a0ece436f832e68e75f0797bcd68c3156d8919541490e1ec533ab280d87b
	docs/u4/inventory/fmt-final.txt	100644	e3b0c44298fc1c149afbf4c8996fb92427ae41e4649b934ca495991b7852b855
	docs/u4/inventory/fp-alignment-green.txt	100644	55004163b8c16cfef9186f575a85665e5efc6bede4f5892bbbf398188fd47982
	docs/u4/inventory/fp-alignment-red.txt	100644	66612e3c7053c61a8b6a9edddf4f78b37c493e8097c0e80d7eb0ae3c6bb9670f
	docs/u4/inventory/fuzz-mmu-final.txt	100644	972b25fb63660c052531a3a188f51e5da9e357b7adc75c80019a196fded7c94f
	docs/u4/inventory/fuzz-mmu-provenance-final.txt	100644	e25e645aff1defee2e9dc4051d38442bac99e4506a80c5f2796df77143deba7b
	docs/u4/inventory/fuzz-mmu-rt-order-final.txt	100644	796591983ca582d7b06cfdada2e9a73e4fad6bbba33435e6b89cc4ebd9bc1774
	docs/u4/inventory/fuzz-syscall-final.txt	100644	97abb16bf3db8b27cb29694e416ee752b728ace30aea479c4123f8f4cb11a948
	docs/u4/inventory/fuzz-syscall-provenance-final.txt	100644	e6726e00ec3e4cc9aecab0ce2ef5391837284484b7ecab2cb738e878e8f6b4b8
	docs/u4/inventory/fuzz-syscall-rt-order-final.txt	100644	ad23c764df5e3d0e613dd0a98fa82ec2e13651ff5118eb0bc65620af62c9d4f7
	docs/u4/inventory/huge-sleep-red.txt	100644	ae59848ab0bb59ec4e3cb9a86303b46ffb0b437e5dff3ac2967a9dee70411d0c
	docs/u4/inventory/internal-memory-time.txt	100644	bd0ba59d117bea32ac3d32a46acfb5fb86dc7a00d3478574dbca03ecf5ff904b
	docs/u4/inventory/internal-u4-final.txt	100644	b853ca6ccf9c304eb533c60613b0cd00015351645f96cb54f6110eb6269ce972
	docs/u4/inventory/memory-green-final.txt	100644	bbddbc7167d196f75eae4723cd03a2bc903994c868c360f58c4459a69a567d10
	docs/u4/inventory/memory-green-recovery.txt	100644	c6c3837651dad746a35746c22f3b82bfb2ebdb3883357447073f0fa6a6144d40
	docs/u4/inventory/memory-green.txt	100644	6d13791a0a4e72e6d3e78625448bf98617da310586fd74ba86f6bd04459785a5
	docs/u4/inventory/memory-red.txt	100644	518ebda8f5400d4161c18e2db9d51d84796c9d6d3b343f0afbac09a43fc89e32
	docs/u4/inventory/none-fault-red.txt	100644	83cf6017576ece91f1e90df0fb51779579cce9ff1cdc176c68a723ccf3b4e2d5
	docs/u4/inventory/offset-red.txt	100644	b69cdd54f02fc0d722fbba8bf89184c0026b4844ff63e813140e84d8da7af952
	docs/u4/inventory/oracles-differential.txt	100644	bd91e7ddcb5dbe71ef4bd8dc74b0859877dd9af79e5c40227bcbb0d383f4d638
	docs/u4/inventory/partial-protect-red.txt	100644	66c38173ec3729c9d657a8384ef8d924a15a53b1d6676a45368c5e3335d62fe4
	docs/u4/inventory/probe-native-trace.txt	100644	e1071039bf2f13fbb0f93621638d56b2b13a8c3b5e421dc211b00752b304d24d
	docs/u4/inventory/probe-native.stderr.txt	100644	e3b0c44298fc1c149afbf4c8996fb92427ae41e4649b934ca495991b7852b855
	docs/u4/inventory/probe-native.stdout.txt	100644	c5d4d65ff0dc785e095260ea9d8a8fb6b43ee582f5592064c996141c52ca8a2b
	docs/u4/inventory/probe-static-syscalls.txt	100644	26b5b56baa64afb943978b6c4f3928c08ce601e06db1b130741e7a87be534c61
	docs/u4/inventory/quality-oracles-final.txt	100644	b37a7a8137921330962069c28f39cef20b803a2f60c73e976c774e134d99ed94
	docs/u4/inventory/quality-stop-final.txt	100644	5d63a9411ccbd15e74fab0a13b4c26e11cfc3c1e14ca726379119fbd317829cd
	docs/u4/inventory/quality-stop-green.txt	100644	825d4559092f99c752965ae395626e88bea18871f121f1f8f2a965db94566581
	docs/u4/inventory/quota-kill-scoped-green.txt	100644	eb8d25f238aa86708d49cab09fecb57576bf933fa130fb52a4bba87550931f58
	docs/u4/inventory/relocated-red.txt	100644	74cd4e85ac4b807101dcc035cb632704e9cebbef2f705411dcec9c638bf2c660
	docs/u4/inventory/rt-order-all-modes-red.txt	100644	9debccc0f804b9697dd1fdc3514f94caf2f7d45a6b01669ad9e8d6d039dbd6df
	docs/u4/inventory/rt-order-fixture-compile-failure.txt	100644	f9a092170e701523f9c83afa68f5226ab5f46421aa919fa44bb0626c5324590b
	docs/u4/inventory/rt-order-quality-scoped.txt	100644	69f77fed76b70b73c000f51dece169fb34d727d0c0adad1a9b80d0c2531a8bb6
	docs/u4/inventory/rt-order-red.txt	100644	3f8030102f15178aab20c210fe40b49cb1f9af70444512d196da4d3fdfe080b7
	docs/u4/inventory/rt-process-order-red.txt	100644	ea4f17ff46e4a1a6b72914c3ab44000cdfd0e8b4c23b111d86edcf88b28cfd27
	docs/u4/inventory/rt-provenance-quality-scoped-final.txt	100644	bd47b753febad9b90684154d2ecf4a581b3ee51fa32ee758e22340c9f29d3921
	docs/u4/inventory/rt-provenance-quality-scoped-green.txt	100644	d319344bce075d66100041eef4a64ddee7b9080d8716f4bce829a3bdfdc5dbb6
	docs/u4/inventory/rt-provenance-quality-scoped.txt	100644	cf11e468fb533ad832e7afe105103d5ddfa4d6bffc30bd2d88617145cc20024d
	docs/u4/inventory/rt-provenance-red.txt	100644	ff525fa38a64063fb585dfc40da649110893d86779b5508d6c1a256bec78ebb9
	docs/u4/inventory/signal-green-first.txt	100644	a1eea11a8a06a35ae26b2ba32e954074db698a237e25509f21767fd5eb22c4af
	docs/u4/inventory/signal-red.txt	100644	23fc8538f594f4d86d1c7c830c330f40330df1840a922024bb5909cebb48ef5d
	docs/u4/inventory/stop-backlog-continue-red.txt	100644	09f3849dc147b67a1edc88f15b2d771a08c1ecae71938ac2b616cea0ac730066
	docs/u4/inventory/stop-backlog-native-before-fix.txt	100644	f4279f94bef2aa27cd908eb97f77e24c54c23859686438c555a851c7de90839d
	docs/u4/inventory/stop-continue-native.txt	100644	aa6dc80a974f6410347c9b3a17dbcc1a21a2f4daf081fc5f3b28eb9e8756cb66
	docs/u4/inventory/stop-internal-green.txt	100644	6b9392bac4c78231a2a7368f3bcef64172636dd02345b5058fc743f160f9656b
	docs/u4/inventory/time-green.txt	100644	26c4c9434ae43356d5bc533af8375d55a135119547798d3547a72e57063a3b83
	docs/u4/inventory/time-red.txt	100644	d8ea1522308680ae453cd5157d7fe4e5d850d9bbfdbb92437c589c543ea585a7
	docs/u4/inventory/timer-green.txt	100644	8d05758f3cc23b04e197c1afe1e5ee4564a0682b229dc2cebafe2026ec298920
	docs/u4/inventory/timer-red.txt	100644	1744d8746a8d3d6d605c85e9306e0217b053959d4e57209e8794c1f8b4968bf0
	docs/u4/inventory/upstream-build-receipt.json	100644	4229799ebb12f7fd9b3fbaeee8ef710978e4836e3e486899d0fac0f14a193d7a
	docs/u4/inventory/virgin-readonly-green.txt	100644	c0f541d6190e7437e42b086cbc151277485fad2986e838a81b384004a7fe450d
	docs/u4/inventory/virgin-readonly-red.txt	100644	ebd6b67d50d1137e5482d87ae41d58ebbe4cd1729967e3fb9193d9394cc14a0c
	docs/u4/signal-abi.md	100644	3501a1bed141423188048959147a76148737295a0323941e5b1c321278d99003
	docs/u4/syscall-matrix.md	100644	6d02fec15f8f1d5187a4b660144e0ed18c9c8bd8516e1a4f52add75526d30832
	docs/u4/validation.md	100644	1452bef881c10921f19e7e52024226b8f04664044f9216871147be0cc412b315
	fuzz/fuzz_targets/mmu_ops.rs	100644	b47b75285d760a0e7b04efd79d7ea6a0c737606347e3b5e3754d258a9beed4a8
	fuzz/fuzz_targets/syscall_args.rs	100644	0dacb32f4237e2376814024c8aaf91a3921cc0fbfd71d5ecfcad1c91bcafda00
	tests/guests/u4/build.sh	100644	cd5943adf40121aeac684f3785be91ad508335a774d86197078d4c865f78b3e6
	tests/guests/u4/memory.c	100644	4ff1ef7492c633fa9ce30e1299b9129d3fdb8a8f2599d66be67e62dbf36112f1
	tests/guests/u4/realtime-order-oracle.c	100644	3e856cadc9f6bcf32e6b21643847e0c8dda2d579b3f514de732eaad46d281a03
	tests/guests/u4/signals.c	100644	5f5e8b41fe175f5200be39c04207a8c65f42434a9133af8bf252ff64f28470de
	tests/guests/u4/stop-continue-oracle.c	100644	32b3e448283cc890effdf11e9e34a46c323e1eccc7e9e94d38ada19e29392cbd
	tests/guests/u4/time.c	100644	b00729ca575f0085ca9192b5434ec6b389eecdb7e44f16c4ad6ada30f9f129e2
	tests/guests/u4/write-restart-oracle.c	100644	57e167a45c9f092765bd18cc11a15bd2936c004b6ee3044dbdfaf1fd51cc7e0c
